Time(ms),Base_X,Base_Y,Base_Z,Roll,Pitch,Yaw
0.02,-1.839917058532592e-05,-1.1576871683516288e-09,0.3960927128791809,3.1415927410125732,-7.864973304094747e-05,5.552105619699432e-08
0.04,-5.125278767081909e-05,-5.688006581294758e-07,0.38827651739120483,3.141587972640991,-0.00023631980002392083,2.400981065875385e-05
0.06,-9.807009337237105e-05,-1.8233066612083348e-06,0.3765489459037781,3.1415693759918213,-0.00047189847100526094,7.923218072392046e-05
0.08,-0.0001562137622386217,-3.2729644772189204e-06,0.36090725660324097,3.1415488719940186,-0.0007517868652939796,0.0001423341454938054
0.1,-0.0002211205573985353,-5.187194801692385e-06,0.3413497507572174,3.1415212154388428,-0.0010582366958260536,0.0002254514256492257
0.12,-0.00029198298580013216,-6.884065442136489e-06,0.3178742825984955,3.1414899826049805,-0.0014000593218952417,0.0003002803132403642
0.14,-0.000367229338735342,-8.89941929926863e-06,0.29048046469688416,3.1414501667022705,-0.0017686478095129132,0.0003893136454280466
0.16,-0.00044891255674883723,-1.058686484611826e-05,0.25916677713394165,3.1414132118225098,-0.0021530131343752146,0.0004638532118406147
0.18,-0.0031025204807519913,-0.00032869065762497485,0.259474515914917,3.141409158706665,-0.0028369396459311247,0.0017204651376232505
0.2,-0.006244983524084091,-0.0006506374920718372,0.25699397921562195,3.1413657665252686,0.000348618341377005,0.0029364214278757572
0.22,-0.008830616250634193,-0.0009224412497133017,0.2555652856826782,3.141387462615967,-0.0018494612304493785,0.003996311221271753
0.24,-0.011535562574863434,-0.001193973352201283,0.2539999186992645,3.141395330429077,-0.0034627211280167103,0.005068384110927582
0.26,-0.014328024350106716,-0.0014768012333661318,0.25237444043159485,3.141383647918701,-0.004950279835611582,0.006221182644367218
0.28,-0.017238624393939972,-0.001797279343008995,0.250713974237442,3.1413705348968506,-0.006117644719779491,0.007551146205514669
0.3,-0.020243333652615547,-0.0021390400361269712,0.24898174405097961,3.141350746154785,-0.007218178361654282,0.008991504088044167
0.32,-0.02338612638413906,-0.0024801776744425297,0.24716220796108246,3.141340494155884,-0.008074908517301083,0.010407987050712109
0.34,-0.026622390374541283,-0.002837171545252204,0.24532318115234375,3.141383409500122,-0.008661992847919464,0.011916281655430794
0.36,-0.0299433171749115,-0.003204731736332178,0.24351130425930023,3.1413514614105225,-0.0091354139149189,0.0135419312864542
0.38,-0.03333943709731102,-0.0035853080917149782,0.24160729348659515,3.1413233280181885,-0.009486410766839981,0.015152407810091972
0.4,-0.036809325218200684,-0.003927113022655249,0.23962655663490295,3.1412501335144043,-0.00981666799634695,0.016719961538910866
0.42,-0.04034139961004257,-0.004293988924473524,0.2375757247209549,3.1412570476531982,-0.01008871104568243,0.01831287331879139
0.44,-0.04391919821500778,-0.0046890550293028355,0.23544038832187653,3.1413002014160156,-0.010250811465084553,0.020104926079511642
0.46,-0.047619979828596115,-0.005091026891022921,0.23319749534130096,3.1412649154663086,-0.010144992731511593,0.021967805922031403
0.48,-0.05138593539595604,-0.005496296565979719,0.23085831105709076,3.141284704208374,-0.009870961308479309,0.024063091725111008
0.5,-0.055204205214977264,-0.0059692393988370895,0.228401318192482,3.1412861347198486,-0.009447709657251835,0.026242515072226524
0.52,-0.059167470782995224,-0.006462542340159416,0.2258395105600357,3.141181707382202,-0.008660376071929932,0.02854027971625328
0.54,-0.0631309449672699,-0.006971823051571846,0.22313280403614044,3.1410915851593018,-0.007873278111219406,0.03121088817715645
0.56,-0.06723165512084961,-0.0075492458418011665,0.22026583552360535,3.1415741443634033,-0.0067799449898302555,0.034042421728372574
0.58,-0.07149036228656769,-0.008079680614173412,0.21721301972866058,-3.141234874725342,-0.005135624669492245,0.037157077342271805
0.6,-0.07576178759336472,-0.00854339636862278,0.21409699320793152,-3.141021966934204,-0.0035826649982482195,0.039793554693460464
0.62,-0.08010435849428177,-0.008992703631520271,0.210799440741539,-3.140913963317871,-0.0016388619551435113,0.04252973943948746
0.64,-0.08451224118471146,-0.009532435797154903,0.20744991302490234,-3.141228199005127,0.00043089588871225715,0.04628787189722061
0.66,-0.0888911709189415,-0.009951900690793991,0.2037588208913803,-3.1411855220794678,0.0019204658456146717,0.04885521158576012
0.68,-0.09342945367097855,-0.01065216027200222,0.20010393857955933,-3.1407418251037598,0.005116492509841919,0.053377918899059296
0.7000000000000001,-0.09798119217157364,-0.011395473964512348,0.19617293775081635,-3.1404271125793457,0.00859477836638689,0.0580492801964283
0.72,-0.10252810269594193,-0.012089426629245281,0.19198207557201385,-3.1401138305664062,0.01251201145350933,0.06270555406808853
0.74,-0.10707035660743713,-0.01288709044456482,0.1875765323638916,-3.1397128105163574,0.01669943518936634,0.06806949526071548
0.76,-0.1116989329457283,-0.01360323466360569,0.18298622965812683,-3.1400017738342285,0.020948879420757294,0.07270731031894684
0.78,-0.11628419160842896,-0.014230030588805676,0.17828232049942017,-3.1399011611938477,0.025930581614375114,0.07806935161352158
0.8,-0.12080323696136475,-0.014719475992023945,0.1732395589351654,-3.13984751701355,0.03076443076133728,0.08291073888540268
0.8200000000000001,-0.12268932908773422,-0.014828098006546497,0.17278125882148743,3.140382766723633,0.018648279830813408,0.08091045916080475
0.84,-0.12415002286434174,-0.01533657405525446,0.171495720744133,3.136737108230591,0.006509715225547552,0.08197389543056488
0.86,-0.1258261501789093,-0.015217982232570648,0.17015931010246277,3.133439064025879,-0.001790009904652834,0.0773915946483612
0.88,-0.1277586668729782,-0.013179082423448563,0.16926923394203186,3.128497362136841,-0.0020057165529578924,0.05925487354397774
0.9,-0.12989442050457,-0.010249379090964794,0.16597074270248413,3.1216020584106445,0.004576929844915867,0.03313275799155235
0.92,-0.13178427517414093,-0.007272472605109215,0.16462849080562592,3.11798357963562,0.004606292117387056,0.015320749953389168
0.9400000000000001,-0.13309897482395172,-0.0066136810928583145,0.16550232470035553,3.115741491317749,0.005134757608175278,0.017116837203502655
0.96,-0.13387444615364075,-0.005661297123879194,0.16319380700588226,3.112891674041748,-0.0017877962673082948,0.00959298200905323
0.98,-0.1345340758562088,-0.0060725947842001915,0.16412198543548584,3.1125171184539795,0.0002824032271746546,0.012659536674618721
1.0,-0.134854257106781,-0.006356136407703161,0.16463783383369446,3.11240553855896,0.0009909078944474459,0.014203584752976894
1.02,-0.13499991595745087,-0.006574930157512426,0.16499854624271393,3.112321138381958,0.0015528848161920905,0.015454988926649094
1.04,-0.13499580323696136,-0.0067467158660292625,0.16521918773651123,3.112222671508789,0.0019640717655420303,0.01644914224743843
1.06,-0.1348634958267212,-0.00688104098662734,0.16533014178276062,3.112144708633423,0.0022447039373219013,0.0172636229544878
1.08,-0.1346246600151062,-0.006990246940404177,0.1653539091348648,3.1120922565460205,0.002423316240310669,0.01795458048582077
1.1,-0.13427606225013733,-0.007083108648657799,0.16530147194862366,3.1120269298553467,0.002521899528801441,0.01857316493988037
1.12,-0.13385294377803802,-0.00716582965105772,0.16518612205982208,3.1119461059570312,0.0025642153341323137,0.01912311650812626
1.1400000000000001,-0.1333576738834381,-0.007246475666761398,0.16501782834529877,3.111750841140747,0.0025600381195545197,0.019632110372185707
1.16,-0.13282819092273712,-0.00730558019131422,0.1648150086402893,3.1116199493408203,0.002528938464820385,0.02010481059551239
1.18,-0.13233885169029236,-0.0075041744858026505,0.16469314694404602,3.1105668544769287,0.002011758740991354,0.02117518149316311
1.2,-0.13221172988414764,-0.007944999262690544,0.16409391164779663,3.1082451343536377,0.004986888729035854,0.022650666534900665
1.22,-0.13152995705604553,-0.008114675059914589,0.1640740931034088,3.1077075004577637,0.00324991624802351,0.023556770756840706
1.24,-0.13080231845378876,-0.00824530515819788,0.1639336496591568,3.1071252822875977,0.0020999435801059008,0.024322960525751114
1.26,-0.13053172826766968,-0.008182770572602749,0.16389355063438416,3.1072096824645996,0.002059856429696083,0.02395506575703621
1.28,-0.1302550882101059,-0.008155742660164833,0.16378797590732574,3.1072163581848145,0.001770162838511169,0.02390764281153679
1.3,-0.12992849946022034,-0.00814016629010439,0.16366182267665863,3.1072301864624023,0.0015527558280155063,0.02395460195839405
1.32,-0.12957364320755005,-0.008140831254422665,0.16351714730262756,3.107245445251465,0.0014035694766789675,0.024030663073062897
1.34,-0.12931545078754425,-0.008180176839232445,0.1634150743484497,3.106964349746704,0.001113564008846879,0.024411574006080627
1.36,-0.12914635241031647,-0.008295190520584583,0.1634003221988678,3.1067569255828857,0.001172079355455935,0.025197632610797882
1.3800000000000001,-0.12901848554611206,-0.008338307030498981,0.16333836317062378,3.1064460277557373,0.0010406430810689926,0.025549238547682762
1.4000000000000001,-0.12891241908073425,-0.008383172564208508,0.16326959431171417,3.106144666671753,0.0010817487491294742,0.02575378119945526
1.42,-0.12880226969718933,-0.008415445685386658,0.16321146488189697,3.105947256088257,0.0010881415801122785,0.025988159701228142
1.44,-0.12879997491836548,-0.008405206725001335,0.16322879493236542,3.106018543243408,0.0009160962654277682,0.025898553431034088
1.46,-0.12882331013679504,-0.008421527221798897,0.163229301571846,3.1059467792510986,0.0009111578110605478,0.025916121900081635
1.48,-0.12882064282894135,-0.008421937935054302,0.16322758793830872,3.1059279441833496,0.0008621516753919423,0.025973694398999214
1.5,-0.1288350373506546,-0.008421351201832294,0.16323131322860718,3.105924129486084,0.000802949711214751,0.026021823287010193
1.52,-0.1288464516401291,-0.008433773182332516,0.16323697566986084,3.1058714389801025,0.0007322106976062059,0.026117851957678795
1.54,-0.12888479232788086,-0.008446309715509415,0.16325151920318604,3.105865955352783,0.0006750682950951159,0.026206057518720627
1.56,-0.12889541685581207,-0.008429874666035175,0.16325202584266663,3.1059117317199707,0.0006535851862281561,0.026178868487477303
1.58,-0.1288975030183792,-0.008442654274404049,0.1632554829120636,3.105830430984497,0.0006041230517439544,0.026269054040312767
1.6,-0.12890104949474335,-0.008450164459645748,0.16326472163200378,3.1058082580566406,0.0005514241638593376,0.026347827166318893
1.62,-0.12892816960811615,-0.008457660675048828,0.16327500343322754,3.1057217121124268,0.0004995459457859397,0.026437239721417427
1.6400000000000001,-0.12895052134990692,-0.008465928956866264,0.16328799724578857,3.105726718902588,0.00044119410449638963,0.02650192752480507
1.6600000000000001,-0.12898802757263184,-0.008491014130413532,0.16330428421497345,3.105639696121216,0.00036093295784667134,0.026616422459483147
1.68,-0.12903140485286713,-0.008516478352248669,0.163325697183609,3.1055164337158203,0.00030546452035196126,0.026702793315052986
1.7,-0.12908022105693817,-0.0085268784314394,0.16334834694862366,3.105346202850342,0.0002666056388989091,0.026774542406201363
1.72,-0.12912307679653168,-0.008548234589397907,0.16336077451705933,3.1051926612854004,0.00019003686611540616,0.026803821325302124
1.74,-0.12913572788238525,-0.008580958470702171,0.16337105631828308,3.1052045822143555,1.770968083292246e-05,0.02697853371500969
1.76,-0.12917397916316986,-0.008585029281675816,0.16338090598583221,3.105146884918213,-6.851163925603032e-05,0.027001937851309776
1.78,-0.1291821300983429,-0.008571529760956764,0.1633814126253128,3.1049423217773438,-0.00013740413123741746,0.02706741914153099
1.8,-0.12915214896202087,-0.008556706830859184,0.1633703112602234,3.1049723625183105,-0.0001726243644952774,0.02701742947101593
1.82,-0.12914156913757324,-0.008571484126150608,0.16336700320243835,3.1048943996429443,-0.00022790400544181466,0.02706555835902691
1.84,-0.1291601061820984,-0.008605335839092731,0.1633843034505844,3.1048214435577393,-0.00032090028980746865,0.027231574058532715
1.86,-0.12917429208755493,-0.008628062903881073,0.16339616477489471,3.104734182357788,-0.00041342811891809106,0.027365975081920624
1.8800000000000001,-0.1291811764240265,-0.008642636239528656,0.16340146958827972,3.1047158241271973,-0.0004790386010427028,0.02744472399353981
1.9000000000000001,-0.1292014718055725,-0.008661038242280483,0.1634119749069214,3.104583978652954,-0.0005239498568698764,0.027551904320716858
1.92,-0.12921932339668274,-0.008680427446961403,0.16342416405677795,3.1044304370880127,-0.0005599253345280886,0.02766662836074829
1.94,-0.12923432886600494,-0.008704565465450287,0.1634422391653061,3.1043291091918945,-0.0006159022450447083,0.027794938534498215
1.96,-0.12925446033477783,-0.008725075051188469,0.16345591843128204,3.1042580604553223,-0.000662020465824753,0.027895422652363777
1.98,-0.12928108870983124,-0.008743682876229286,0.16347266733646393,3.104187488555908,-0.0007171845063567162,0.027991123497486115
2.0,-0.129323348402977,-0.00877798069268465,0.16348950564861298,3.1041321754455566,-0.000797221262473613,0.028095616027712822
2.02,-0.13189566135406494,0.003224166575819254,0.16776999831199646,3.100308656692505,-0.0010462857317179441,0.025545476004481316
2.04,-0.13449479639530182,0.015223885886371136,0.16814112663269043,3.0964622497558594,-0.0013733648229390383,0.023017076775431633
2.06,-0.13711459934711456,0.027222296223044395,0.16459859907627106,3.0926096439361572,-0.0017642932943999767,0.020480681210756302
2.08,-0.13923120498657227,0.03772568330168724,0.1599804311990738,3.0812528133392334,-0.024786261841654778,0.03871113806962967
2.1,-0.14215612411499023,0.04445923864841461,0.16273720562458038,3.0816843509674072,-0.01279447041451931,0.03213747963309288
2.12,-0.1451140195131302,0.05045056343078613,0.16354015469551086,3.082871675491333,0.001227542874403298,0.025071891024708748
2.14,-0.1476646214723587,0.05447585508227348,0.16531185805797577,3.079486846923828,0.0006511534447781742,0.024661900475621223
2.16,-0.15022782981395721,0.05849824845790863,0.16316768527030945,3.076061248779297,6.597035098820925e-05,0.02429654449224472
2.18,-0.15194499492645264,0.06073352321982384,0.16422563791275024,3.0759241580963135,-0.0025247493758797646,0.021678820252418518
2.2,-0.15324059128761292,0.06227696314454079,0.16417470574378967,3.076460361480713,-0.006252581253647804,0.020654141902923584
2.22,-0.15478646755218506,0.06291162967681885,0.1632753312587738,3.079280138015747,0.002794513013213873,0.018630169332027435
2.24,-0.15466123819351196,0.06296800822019577,0.16373731195926666,3.079761028289795,-0.0001248581102117896,0.018506331369280815
2.2600000000000002,-0.15450020134449005,0.06297523528337479,0.16395747661590576,3.0797696113586426,-0.0017256112769246101,0.01847527176141739
2.2800000000000002,-0.1542789489030838,0.06295372545719147,0.16408297419548035,3.0795958042144775,-0.0030772120226174593,0.018674395978450775
2.3000000000000003,-0.15420934557914734,0.06288226693868637,0.16420339047908783,3.079364061355591,-0.003674184437841177,0.019407210871577263
2.32,-0.15411289036273956,0.06278573721647263,0.1642644703388214,3.079150438308716,-0.0042720059864223,0.02006801962852478
2.34,-0.15401388704776764,0.06268330663442612,0.1642824411392212,3.0789361000061035,-0.0048417942598462105,0.020668866112828255
2.36,-0.15390123426914215,0.06257840991020203,0.1642536073923111,3.0787785053253174,-0.005412610713392496,0.021115407347679138
2.38,-0.1539234220981598,0.06256110966205597,0.1643150895833969,3.078793525695801,-0.00550814950838685,0.021167224273085594
2.4,-0.15393730998039246,0.06252873688936234,0.16434656083583832,3.07871675491333,-0.005666414275765419,0.021375063806772232
2.42,-0.15392763912677765,0.06249517202377319,0.16436463594436646,3.0786335468292236,-0.0057923500426113605,0.021579241380095482
2.44,-0.15389440953731537,0.06247063726186752,0.16436080634593964,3.078575611114502,-0.005940524395555258,0.021714484319090843
2.46,-0.15395183861255646,0.06250420957803726,0.16442380845546722,3.078702926635742,-0.006229084450751543,0.021490328013896942
2.48,-0.15401200950145721,0.06250954419374466,0.1644696444272995,3.0787134170532227,-0.006391235627233982,0.021421583369374275
2.5,-0.15409579873085022,0.06250861287117004,0.16451309621334076,3.07869815826416,-0.006499121896922588,0.021418794989585876
2.52,-0.15417617559432983,0.062495093792676926,0.16456076502799988,3.0786855220794678,-0.006576727610081434,0.02147436887025833
2.54,-0.15426547825336456,0.06247919052839279,0.16460707783699036,3.078630208969116,-0.006658033933490515,0.021537858992815018
2.56,-0.1543416827917099,0.062452659010887146,0.16464829444885254,3.0786213874816895,-0.00672045536339283,0.021602001041173935
2.58,-0.1544347107410431,0.0624246671795845,0.16469091176986694,3.0785272121429443,-0.006790005601942539,0.02168821543455124
2.6,-0.1545288860797882,0.062411680817604065,0.16473764181137085,3.0784993171691895,-0.006852667313069105,0.02175154723227024
2.62,-0.15460219979286194,0.06239785626530647,0.16477903723716736,3.078458309173584,-0.006911151576787233,0.02178380638360977
2.64,-0.15465015172958374,0.062398601323366165,0.1648082733154297,3.0784621238708496,-0.006946513894945383,0.0217838566750288
2.66,-0.1546885073184967,0.06238647922873497,0.1648319512605667,3.078413486480713,-0.006999682169407606,0.021827802062034607
2.68,-0.1547379493713379,0.06238242983818054,0.16485679149627686,3.0783660411834717,-0.007064714562147856,0.021876709535717964
2.7,-0.15478482842445374,0.062368474900722504,0.16488371789455414,3.0782876014709473,-0.0071162208914756775,0.02194942533969879
2.72,-0.15484608709812164,0.06234480068087578,0.16491538286209106,3.0781898498535156,-0.007152266800403595,0.022004572674632072
2.74,-0.1549132615327835,0.06234321743249893,0.16494247317314148,3.0781354904174805,-0.007164943031966686,0.021996358409523964
2.7600000000000002,-0.15496307611465454,0.06233813241124153,0.16497014462947845,3.078169345855713,-0.007214303594082594,0.022028746083378792
2.7800000000000002,-0.155043363571167,0.06232411786913872,0.1650031954050064,3.0780978202819824,-0.007239175960421562,0.022016672417521477
2.8000000000000003,-0.1551092118024826,0.0623275488615036,0.16503162682056427,3.0780441761016846,-0.007256165146827698,0.021976536139845848
2.82,-0.15515340864658356,0.06231975182890892,0.1650441586971283,3.07792067527771,-0.0072836619801819324,0.02198847569525242
2.84,-0.15518644452095032,0.06229923292994499,0.1650606393814087,3.077805995941162,-0.0073229908011853695,0.022073427215218544
2.86,-0.15521694719791412,0.062284838408231735,0.1650789976119995,3.0777101516723633,-0.0073709022253751755,0.02214072085916996
2.88,-0.15525688230991364,0.062272101640701294,0.1650988608598709,3.077733278274536,-0.007445921190083027,0.022165590897202492
2.9,-0.1552935093641281,0.062276970595121384,0.16511723399162292,3.0777053833007812,-0.007476127240806818,0.02218477986752987
2.92,-0.1553138643503189,0.06226089224219322,0.16513167321681976,3.0777008533477783,-0.0074977511540055275,0.022183846682310104
2.94,-0.15535868704319,0.06225300580263138,0.1651543229818344,3.0777084827423096,-0.0075445882976055145,0.022204259410500526
2.96,-0.1553647369146347,0.06223233416676521,0.16516803205013275,3.077695846557617,-0.0076336851343512535,0.022317005321383476
2.98,-0.1553901582956314,0.06222778558731079,0.16518889367580414,3.0776619911193848,-0.007671772036701441,0.022376693785190582
3.0,-0.15539702773094177,0.0622122585773468,0.16519610583782196,3.077592134475708,-0.00772114610299468,0.022400785237550735
3.02,-0.15541930496692657,0.062196455895900726,0.16520166397094727,3.07751727104187,-0.007718970999121666,0.022392360493540764
3.04,-0.15544264018535614,0.0621880441904068,0.16521219909191132,3.0774753093719482,-0.0077169728465378284,0.022405194118618965
3.06,-0.1554671823978424,0.062175553292036057,0.165227472782135,3.0774590969085693,-0.007722947746515274,0.02244633622467518
3.08,-0.15549194812774658,0.06216894090175629,0.16523955762386322,3.077427387237549,-0.007730328943580389,0.022466616705060005
3.1,0.0,0.0,0.4000000059604645,3.1415927410125732,0.0,0.0
3.12,-1.8363449271419086e-05,-5.163249738870945e-07,0.39609330892562866,3.1415796279907227,-9.220158972311765e-05,2.430397034913767e-05
3.14,-5.566444087889977e-05,-5.070617703495373e-07,0.38827961683273315,3.141580581665039,-0.0002647649380378425,1.164265995612368e-05
3.16,-0.00010554329492151737,3.0994618782642647e-07,0.37655413150787354,3.141584873199463,-0.0004761761811096221,-3.470358933554962e-05
3.18,-0.0001667968899710104,8.081395890258136e-07,0.3609141409397125,3.1415915489196777,-0.0007219237159006298,-7.221834675874561e-05
3.2,-0.0002377883211011067,1.7772711089492077e-06,0.3413589596748352,-3.141587734222412,-0.0009913882240653038,-0.00012624086230061948
3.22,-0.0003154720470774919,2.9022762646491174e-06,0.3178861737251282,-3.1415798664093018,-0.0012865166645497084,-0.00018736120546236634
3.24,-0.0003991868288721889,4.005781647720141e-06,0.2904941737651825,-3.141564130783081,-0.0015917486744001508,-0.0002570481155999005
3.2600000000000002,-0.000490632897708565,5.600310942099895e-06,0.2591833174228668,-3.1415390968322754,-0.00192225631326437,-0.0003552644338924438
3.2800000000000002,-0.0032529656309634447,0.0007740019354969263,0.2596418857574463,3.1415600776672363,-0.0021793267223984003,-0.003397237043827772
3.3000000000000003,-0.00597194442525506,0.0022319576237350702,0.2574251890182495,3.1407971382141113,-0.0025712887290865183,-0.0118900490924716
3.3200000000000003,-0.008744170889258385,0.0025014898274093866,0.2560679614543915,3.1404013633728027,-0.003190622664988041,-0.01229865476489067
3.34,-0.011653234250843525,0.0029043122194707394,0.2547089159488678,3.1402816772460938,-0.0031398721039295197,-0.013998514041304588
3.36,-0.014643686823546886,0.0033109684009104967,0.25327274203300476,3.1402251720428467,-0.0031467678491026163,-0.01574642024934292
3.38,-0.01772996038198471,0.0037583522498607635,0.2518088221549988,3.140265464782715,-0.0029376663733273745,-0.017640549689531326
3.4,-0.020915990695357323,0.004250238183885813,0.2502870261669159,3.140186309814453,-0.0024825038854032755,-0.01971377618610859
3.42,-0.024198511615395546,0.004788046237081289,0.24872732162475586,3.1401526927948,-0.0019192172912880778,-0.02196379564702511
3.44,-0.027585722506046295,0.005275215953588486,0.2471453696489334,3.1400234699249268,-0.0012110202806070447,-0.02399558387696743
3.46,-0.03102395124733448,0.005758130457252264,0.245496466755867,3.1396989822387695,-0.00039932498475536704,-0.02613118104636669
3.48,-0.03454224392771721,0.006315537262707949,0.24385322630405426,3.1395418643951416,0.0005501375417225063,-0.028657373040914536
3.5,-0.038152068853378296,0.006901522632688284,0.24210147559642792,3.1393308639526367,0.0016672512283548713,-0.031301338225603104
3.52,-0.04183640703558922,0.007482175715267658,0.2402702122926712,3.1390883922576904,0.0029228786006569862,-0.03404121473431587
3.54,-0.04558282345533371,0.008119583129882812,0.23833627998828888,3.1389000415802,0.004213659558445215,-0.03679854795336723
3.56,-0.04939637705683708,0.008765783160924911,0.23630383610725403,3.1385867595672607,0.00559645751491189,-0.039714593440294266
3.58,-0.053286630660295486,0.009450646117329597,0.23420213162899017,3.1382980346679688,0.007135003339499235,-0.04316778481006622
3.6,-0.0573388934135437,0.010049134492874146,0.23196446895599365,3.137971878051758,0.008832614868879318,-0.04658830165863037
3.62,-0.06146996095776558,0.010757790878415108,0.22961267828941345,3.1378214359283447,0.011002001352608204,-0.05022478848695755
3.64,-0.06581420451402664,0.011092743836343288,0.2269042730331421,3.137392044067383,0.014475840143859386,-0.05274820700287819
3.66,-0.07027848809957504,0.011926120147109032,0.22433003783226013,3.137376070022583,0.01714388094842434,-0.05719976872205734
3.68,-0.0747578889131546,0.01252435240894556,0.22148029506206512,3.1373775005340576,0.019235998392105103,-0.06054628640413284
3.7,-0.07934878021478653,0.013279895298182964,0.21867956221103668,3.1370694637298584,0.022756438702344894,-0.06489373743534088
3.72,-0.08401363343000412,0.01408328115940094,0.21570028364658356,3.1367177963256836,0.026538066565990448,-0.0694367066025734
3.74,-0.0886588841676712,0.015278560109436512,0.21245898306369781,3.1347060203552246,0.029976312071084976,-0.07504144310951233
3.7600000000000002,-0.09404882043600082,0.017029963433742523,0.2087326943874359,3.1338071823120117,0.038386501371860504,-0.08559995889663696
3.7800000000000002,-0.09909632802009583,0.017716383561491966,0.205253466963768,3.1319656372070312,0.04235021397471428,-0.08902773261070251
3.8000000000000003,-0.1034211739897728,0.018495846539735794,0.20037733018398285,3.1304244995117188,0.04039160907268524,-0.09453587979078293
3.8200000000000003,-0.10874394327402115,0.01895897276699543,0.1964762955904007,3.128657102584839,0.0502479113638401,-0.09959624707698822
3.84,-0.11415403336286545,0.01991277001798153,0.19260941445827484,3.1281089782714844,0.05785343796014786,-0.1075189933180809
3.86,-0.11951839923858643,0.020877523347735405,0.18834306299686432,3.1275434494018555,0.06602107733488083,-0.11559442430734634
3.88,-0.12483099848031998,0.021849749609827995,0.18374621868133545,3.1268932819366455,0.074667789041996,-0.1239519789814949
3.9,-0.12745070457458496,0.021123308688402176,0.1825149953365326,3.127645254135132,0.06069342792034149,-0.10342152416706085
3.92,-0.1297440081834793,0.021131906658411026,0.183394193649292,3.1305534839630127,0.05566496029496193,-0.10211988538503647
3.94,-0.13152402639389038,0.02131560444831848,0.1834435611963272,3.133894205093384,0.048825569450855255,-0.10158030688762665
3.96,-0.13283976912498474,0.021713051944971085,0.18291445076465607,3.1376357078552246,0.04072003439068794,-0.10303588211536407
3.98,-0.13369400799274445,0.022331373766064644,0.18189139664173126,-3.1414618492126465,0.03125706687569618,-0.10650496929883957
4.0,-0.13409288227558136,0.02317383512854576,0.18042436242103577,-3.1370062828063965,0.020404716953635216,-0.11223509907722473
4.0200000000000005,-0.12646736204624176,0.01202312484383583,0.1813570111989975,-3.1315181255340576,0.020161081105470657,-0.10168281942605972
4.04,-0.11882892996072769,0.0008747021201997995,0.17835663259029388,-3.1261062622070312,0.019869517534971237,-0.0910431370139122
4.0600000000000005,-0.11117971688508987,-0.010271083563566208,0.17142504453659058,-3.120757579803467,0.0195457823574543,-0.08033446222543716
4.08,-0.10645624250173569,-0.020569292828440666,0.17205505073070526,-3.1135919094085693,0.02466232143342495,-0.05758751928806305
4.1,-0.10169973969459534,-0.03099336102604866,0.16905546188354492,-3.1068403720855713,0.024277986958622932,-0.02976471744477749
4.12,-0.09677544981241226,-0.03799274191260338,0.16826336085796356,-3.0981602668762207,0.016920294612646103,-0.05050298571586609
4.14,-0.09296976774930954,-0.04573868215084076,0.1671897917985916,-3.0944628715515137,0.021407097578048706,-0.026873763650655746
4.16,-0.08918628841638565,-0.051459118723869324,0.1683349907398224,-3.089182138442993,0.011445855721831322,-0.01645326055586338
4.18,-0.08566415309906006,-0.055212508887052536,0.16937381029129028,-3.087005615234375,0.012895192950963974,-0.030261995270848274
4.2,-0.08215218037366867,-0.05896050110459328,0.1664891093969345,-3.0849103927612305,0.014307992532849312,-0.04399934411048889
4.22,-0.07980644702911377,-0.06139207258820534,0.1678965538740158,-3.0843276977539062,0.015434497967362404,-0.041669730097055435
4.24,-0.07800277322530746,-0.06413263827562332,0.1664143055677414,-3.0846900939941406,0.020350273698568344,-0.02947583608329296
4.26,-0.07661254703998566,-0.064878910779953,0.167210653424263,-3.0817201137542725,0.020964043214917183,-0.03249393031001091
4.28,-0.07552122324705124,-0.0651654303073883,0.16724322736263275,-3.0808112621307373,0.02030952088534832,-0.03270963579416275
4.3,-0.07495595514774323,-0.06376440823078156,0.1658746898174286,-3.0782601833343506,0.02113187126815319,-0.04758242890238762
4.32,-0.074459969997406,-0.06410348415374756,0.16626691818237305,-3.0773608684539795,0.019958078861236572,-0.043912362307310104
4.34,-0.0742284432053566,-0.06427149474620819,0.16653980314731598,-3.0768802165985107,0.0199035182595253,-0.043277863413095474
4.36,-0.07397599518299103,-0.0644526556134224,0.16667704284191132,-3.0767266750335693,0.019713090732693672,-0.04230407625436783
4.38,-0.07385028898715973,-0.06455422937870026,0.16680382192134857,-3.07662034034729,0.01978623867034912,-0.04185115918517113
4.4,-0.07370779663324356,-0.06462106853723526,0.1668742448091507,-3.0766427516937256,0.019749119877815247,-0.04133996739983559
4.42,-0.07360567152500153,-0.06467446684837341,0.1669302135705948,-3.0765810012817383,0.019785720854997635,-0.04109090194106102
4.44,-0.07345476746559143,-0.06476140767335892,0.16693247854709625,-3.076552629470825,0.019601458683609962,-0.040637340396642685
4.46,-0.07337965816259384,-0.06477439403533936,0.16695649921894073,-3.0764830112457275,0.019653726369142532,-0.04062613844871521
4.48,-0.07330577075481415,-0.06478157639503479,0.16696396470069885,-3.076441764831543,0.019662780687212944,-0.040615264326334
4.5,-0.07324007898569107,-0.06478574126958847,0.16696476936340332,-3.076399326324463,0.01967092603445053,-0.04062684252858162
4.5200000000000005,-0.07318023592233658,-0.06477746367454529,0.1669611632823944,-3.076359272003174,0.019688135012984276,-0.04066087678074837
4.54,-0.0731360986828804,-0.06477129459381104,0.16695749759674072,-3.076333999633789,0.019704977050423622,-0.04071510210633278
4.5600000000000005,-0.07310540974140167,-0.06476238369941711,0.16695217788219452,-3.0763001441955566,0.01970612443983555,-0.04077441990375519
4.58,-0.07307682186365128,-0.06476035714149475,0.16693997383117676,-3.076329231262207,0.01970602013170719,-0.04085564240813255
4.6000000000000005,-0.07310982048511505,-0.06476985663175583,0.16696561872959137,-3.0763254165649414,0.019613012671470642,-0.040757521986961365
4.62,-0.07316350936889648,-0.06478337198495865,0.16699406504631042,-3.076357364654541,0.01956786774098873,-0.04067754000425339
4.64,-0.0732104629278183,-0.06477617472410202,0.16701532900333405,-3.0763585567474365,0.01954285055398941,-0.040682174265384674
4.66,-0.07325378805398941,-0.06478112190961838,0.1670396476984024,-3.0763497352600098,0.019490770995616913,-0.040682602673769
4.68,-0.07329665869474411,-0.0647762194275856,0.1670638769865036,-3.0763251781463623,0.019444886595010757,-0.04068026691675186
4.7,-0.07334551215171814,-0.06477672606706619,0.1670849472284317,-3.0763189792633057,0.019421296194195747,-0.04063587635755539
4.72,-0.07340655475854874,-0.06476413458585739,0.16711033880710602,-3.0763113498687744,0.019368495792150497,-0.04061377793550491
4.74,-0.07346829026937485,-0.06476128846406937,0.16714367270469666,-3.076288938522339,0.019316360354423523,-0.04058699309825897
4.76,-0.07353724539279938,-0.06476812064647675,0.16717928647994995,-3.0763018131256104,0.01926887035369873,-0.04053527116775513
4.78,-0.07362091541290283,-0.06476686149835587,0.16721689701080322,-3.076261281967163,0.01921794004738331,-0.0404779389500618
4.8,-0.07368771731853485,-0.06476995348930359,0.1672525256872177,-3.0762898921966553,0.019176892936229706,-0.04042676091194153
4.82,-0.07378104329109192,-0.0647677630186081,0.16729514300823212,-3.076275110244751,0.019120942801237106,-0.040372129529714584
4.84,-0.0738711953163147,-0.06477460265159607,0.1673382967710495,-3.076272487640381,0.019067607820034027,-0.040315866470336914
4.86,-0.0739709883928299,-0.06477338820695877,0.16737647354602814,-3.076289653778076,0.01898568496108055,-0.04024937003850937
4.88,-0.07403959333896637,-0.06477554887533188,0.1674083173274994,-3.0762882232666016,0.018938889726996422,-0.040243394672870636
4.9,-0.07411186397075653,-0.06478187441825867,0.16744071245193481,-3.0762650966644287,0.018879573792219162,-0.04023675248026848
4.92,-0.07417748123407364,-0.06478112190961838,0.1674690991640091,-3.0762696266174316,0.01885155774652958,-0.040225133299827576
4.94,-0.07425813376903534,-0.06477431952953339,0.16749951243400574,-3.0762815475463867,0.018785269930958748,-0.04022856801748276
4.96,-0.07433575391769409,-0.0647764801979065,0.16753040254116058,-3.076254367828369,0.018747465685009956,-0.04021808132529259
4.98,-0.07440157979726791,-0.06477147340774536,0.167555034160614,-3.076258659362793,0.018695877864956856,-0.04023189842700958
5.0,-0.0744856595993042,-0.06475060433149338,0.1675826609134674,-3.07625675201416,0.01860833540558815,-0.04030637815594673
5.0200000000000005,-0.0745592713356018,-0.06475178152322769,0.16761673986911774,-3.076291561126709,0.018553147092461586,-0.04028590768575668
5.04,-0.07466699182987213,-0.06474557518959045,0.16765515506267548,-3.0762457847595215,0.018458932638168335,-0.040239445865154266
5.0600000000000005,-0.07484026253223419,-0.0647280216217041,0.16773881018161774,-3.0762135982513428,0.018501153215765953,-0.040328871458768845
5.08,-0.074986033141613,-0.06473972648382187,0.16780826449394226,-3.0761187076568604,0.018491076305508614,-0.0404646210372448
5.1000000000000005,-0.07518105953931808,-0.06473447382450104,0.16787934303283691,-3.0760607719421387,0.018396390601992607,-0.040391769260168076
5.12,-0.07536938041448593,-0.0647258311510086,0.1679457724094391,-3.0761072635650635,0.018247436732053757,-0.04025758057832718
5.14,-0.07553520798683167,-0.06473789364099503,0.1680171936750412,-3.0761239528656006,0.018186699599027634,-0.04014505818486214
5.16,-0.07569804787635803,-0.06474363803863525,0.1680881530046463,-3.0761168003082275,0.01811745949089527,-0.040023792535066605
5.18,-0.07587070763111115,-0.06474610418081284,0.16816209256649017,-3.076103687286377,0.01806269772350788,-0.03993956372141838
5.2,-0.07602693140506744,-0.0647425726056099,0.16822578012943268,-3.076094388961792,0.017955131828784943,-0.039858635514974594
5.22,-0.07617060095071793,-0.0647212415933609,0.1682860553264618,-3.0760600566864014,0.017914820462465286,-0.03988686203956604
5.24,-0.0763215497136116,-0.06470586359500885,0.16834472119808197,-3.07600736618042,0.017890509217977524,-0.039913929998874664
5.26,-0.07648051530122757,-0.06471925973892212,0.16840682923793793,-3.075958728790283,0.017796801403164864,-0.039784111082553864
5.28,-0.0766458585858345,-0.06471923738718033,0.16847296059131622,-3.0759243965148926,0.017720196396112442,-0.03970712050795555
5.3,-0.07682196795940399,-0.06472193449735641,0.16854386031627655,-3.0758790969848633,0.017653213813900948,-0.03959372267127037
5.32,-0.07699505239725113,-0.06473580747842789,0.16861099004745483,-3.0758934020996094,0.017516762018203735,-0.03940200060606003
5.34,-0.07717067748308182,-0.06474702805280685,0.16868193447589874,-3.0759265422821045,0.0174369178712368,-0.03929763659834862
5.36,-0.0773637443780899,-0.06473913788795471,0.16875773668289185,-3.0758612155914307,0.0173509418964386,-0.03920953348278999
5.38,-0.07756948471069336,-0.06474413722753525,0.16883623600006104,-3.075838804244995,0.017273597419261932,-0.03911391273140907
5.4,-0.07775707542896271,-0.06474073231220245,0.16890956461429596,-3.075866937637329,0.01718473993241787,-0.03897438570857048
5.42,-0.07793685793876648,-0.064738430082798,0.16897986829280853,-3.0758109092712402,0.01712735742330551,-0.03890812769532204
5.44,-0.07811253517866135,-0.06474250555038452,0.16904814541339874,-3.0757834911346436,0.017056666314601898,-0.03876476734876633
5.46,-0.0782986655831337,-0.06474648416042328,0.16912363469600677,-3.0757827758789062,0.01697954162955284,-0.038649626076221466
5.48,-0.07849440723657608,-0.06475181877613068,0.16920383274555206,-3.0757484436035156,0.01692371629178524,-0.03855364769697189
5.5,-0.07869309931993484,-0.06474867463111877,0.16927894949913025,-3.075693130493164,0.016857512295246124,-0.0384419709444046
5.5200000000000005,-0.07889825105667114,-0.06474290788173676,0.16935108602046967,-3.0756828784942627,0.016779527068138123,-0.03837646543979645
5.54,-0.07904022932052612,-0.06474237143993378,0.16940324008464813,-3.0756969451904297,0.016719719395041466,-0.038355085998773575
5.5600000000000005,-0.07915782928466797,-0.06473226845264435,0.1694556325674057,-3.0756471157073975,0.016648607328534126,-0.03835713863372803
5.58,-0.07932402193546295,-0.06471418589353561,0.16951636970043182,-3.0755889415740967,0.016605697572231293,-0.03844166174530983
5.6000000000000005,-0.07949098944664001,-0.06469530612230301,0.16958630084991455,-3.075514793395996,0.016582971438765526,-0.03843984752893448
5.62,-0.07968086004257202,-0.06468428671360016,0.16965050995349884,-3.075495719909668,0.016516096889972687,-0.038435764610767365
5.64,-0.07987305521965027,-0.06469909101724625,0.16969886422157288,-3.075397491455078,0.01637371815741062,-0.03839064761996269
5.66,-0.08002934604883194,-0.06470932811498642,0.16975627839565277,-3.0753705501556396,0.01629839465022087,-0.03830922394990921
5.68,-0.0801863968372345,-0.06471766531467438,0.16981734335422516,-3.075324296951294,0.016232552006840706,-0.03822748735547066
5.7,-0.08034154772758484,-0.06472813338041306,0.1698765903711319,-3.0753514766693115,0.016158007085323334,-0.03814787417650223
5.72,-0.08049540966749191,-0.06473346054553986,0.16994018852710724,-3.0753724575042725,0.01609857752919197,-0.038070131093263626
5.74,-0.08067812770605087,-0.06472843140363693,0.1700044423341751,-3.0752930641174316,0.01600668951869011,-0.0380345843732357
5.76,-0.08081847429275513,-0.0647205337882042,0.17006640136241913,-3.0751965045928955,0.015987630933523178,-0.03805801644921303
5.78,-0.08101627975702286,-0.06472595781087875,0.17014124989509583,-3.0751407146453857,0.015889864414930344,-0.037978291511535645
5.8,-0.0812164843082428,-0.06471425294876099,0.1702200174331665,-3.075080394744873,0.015799274668097496,-0.03793390467762947
5.82,-0.0814085528254509,-0.06471557915210724,0.1702934205532074,-3.0751466751098633,0.01570589654147625,-0.03776508942246437
5.84,-0.08162520080804825,-0.06472635269165039,0.17037056386470795,-3.075159788131714,0.015654101967811584,-0.03768705949187279
5.86,-0.08186247944831848,-0.06471415609121323,0.17045605182647705,-3.0751187801361084,0.015600230544805527,-0.03762627765536308
5.88,-0.08209270983934402,-0.0647292509675026,0.17054110765457153,-3.0750832557678223,0.015526034869253635,-0.03750549629330635
5.9,-0.08232013881206512,-0.06471778452396393,0.1706203669309616,-3.075108766555786,0.015403438359498978,-0.037436697632074356
5.92,-0.08254189789295197,-0.06472904235124588,0.17070722579956055,-3.075000762939453,0.015327885746955872,-0.03734760358929634
5.94,-0.08276273310184479,-0.06473417580127716,0.17078539729118347,-3.0749776363372803,0.015218684449791908,-0.03725481778383255
5.96,-0.0829753503203392,-0.06473156064748764,0.17086564004421234,-3.074869394302368,0.01515995617955923,-0.037239011377096176
5.98,-0.08322086930274963,-0.06471660733222961,0.17094671726226807,-3.074840545654297,0.015068414621055126,-0.03720013424754143
6.0,-0.08346246927976608,-0.06472565978765488,0.17102262377738953,-3.0747344493865967,0.014953052625060081,-0.03707434609532356
6.0200000000000005,-0.07405634969472885,-0.06715796887874603,0.1741444319486618,-3.0754990577697754,0.015174842439591885,-0.035293709486722946
6.04,-0.06467346101999283,-0.06958871334791183,0.17335188388824463,-3.076246500015259,0.015330472029745579,-0.03350817784667015
6.0600000000000005,-0.05531105399131775,-0.07201855629682541,0.16864261031150818,-3.0769810676574707,0.01543214451521635,-0.031707245856523514
6.08,-0.04970772936940193,-0.07418595999479294,0.1713111400604248,-3.077726364135742,0.015077722258865833,-0.03530912846326828
6.1000000000000005,-0.04460332542657852,-0.07587374746799469,0.17133602499961853,-3.0774483680725098,0.01772059127688408,-0.049691468477249146
6.12,-0.04056839272379875,-0.07858430594205856,0.17027486860752106,-3.08052396774292,0.015668924897909164,-0.034516770392656326
6.140000000000001,-0.0373164527118206,-0.080068439245224,0.17072230577468872,-3.0805675983428955,0.014685076661407948,-0.04359783977270126
6.16,-0.03507297858595848,-0.08230675756931305,0.16941027343273163,-3.0831737518310547,0.01592894084751606,-0.02980753779411316
6.18,-0.03356538340449333,-0.08276394009590149,0.16995972394943237,-3.083411931991577,0.015215467661619186,-0.03686872869729996
6.2,-0.0328134149312973,-0.08282352238893509,0.17001499235630035,-3.083822011947632,0.014523850753903389,-0.041034769266843796
6.22,-0.03276338055729866,-0.082736074924469,0.17021189630031586,-3.0834617614746094,0.01432346273213625,-0.04137282446026802
6.24,-0.03275127708911896,-0.08267617970705032,0.17031432688236237,-3.083287477493286,0.014304457232356071,-0.04195272549986839
6.26,-0.03276647999882698,-0.08261941373348236,0.1703862100839615,-3.0831074714660645,0.014283757656812668,-0.04245133697986603
6.28,-0.032762181013822556,-0.08257485926151276,0.17043128609657288,-3.082928419113159,0.014278542250394821,-0.04288376122713089
6.3,-0.0327514223754406,-0.08254571259021759,0.17045746743679047,-3.082779884338379,0.014262191951274872,-0.04329598322510719
6.32,-0.03283120319247246,-0.08251313865184784,0.17052750289440155,-3.082764148712158,0.01437719538807869,-0.043432533740997314
6.34,-0.032935451716184616,-0.08245554566383362,0.17058125138282776,-3.08284068107605,0.014389507472515106,-0.043529510498046875
6.36,-0.033016495406627655,-0.08243414759635925,0.17062193155288696,-3.0827839374542236,0.014378562569618225,-0.043610844761133194
6.38,-0.03308749198913574,-0.08247222006320953,0.17064638435840607,-3.082780122756958,0.014073042199015617,-0.043260566890239716
6.4,-0.03329497575759888,-0.08240340650081635,0.1707172691822052,-3.0824570655822754,0.014183318242430687,-0.043536219745874405
6.42,-0.0335003137588501,-0.08238420635461807,0.17079782485961914,-3.0822880268096924,0.014141920022666454,-0.04357391968369484
6.44,-0.03370248153805733,-0.08238746970891953,0.17088179290294647,-3.082184076309204,0.014122994616627693,-0.043580733239650726
6.46,-0.033931903541088104,-0.0823846161365509,0.1709650605916977,-3.0820810794830322,0.014052866026759148,-0.043505940586328506
6.48,-0.03415919467806816,-0.08239348232746124,0.17103996872901917,-3.081939935684204,0.013975350186228752,-0.04346445947885513
6.5,-0.03439822047948837,-0.0823841318488121,0.17112071812152863,-3.0818045139312744,0.013947076164186,-0.04341641068458557
6.5200000000000005,-0.034641556441783905,-0.08239249885082245,0.1712057739496231,-3.081812858581543,0.013879576697945595,-0.043260667473077774
6.54,-0.03488113358616829,-0.0824020728468895,0.1712869256734848,-3.0818305015563965,0.013792588375508785,-0.04309775307774544
6.5600000000000005,-0.03512601554393768,-0.08239105343818665,0.1713627576828003,-3.0818240642547607,0.013720197603106499,-0.043002840131521225
6.58,-0.03533351421356201,-0.08240298181772232,0.17143148183822632,-3.0817134380340576,0.013650143519043922,-0.042905669659376144
6.6000000000000005,-0.03556819632649422,-0.0824308916926384,0.17150400578975677,-3.081580638885498,0.013516905717551708,-0.04275960475206375
6.62,-0.03580354526638985,-0.08242689073085785,0.17157571017742157,-3.081555128097534,0.013436979614198208,-0.04270755127072334
6.640000000000001,-0.03603098914027214,-0.08242786675691605,0.17164982855319977,-3.0815181732177734,0.013344683684408665,-0.04258855804800987
6.66,-0.036274995654821396,-0.08243324607610703,0.1717246025800705,-3.0814266204833984,0.013247915543615818,-0.04252498969435692
6.68,-0.03653239086270332,-0.0824427381157875,0.17180314660072327,-3.081385612487793,0.013182951137423515,-0.04235240817070007
6.7,-0.03675686568021774,-0.08244232833385468,0.17187371850013733,-3.0813281536102295,0.013113126158714294,-0.04223597049713135
6.72,-0.03695300221443176,-0.08243656903505325,0.17193523049354553,-3.081230640411377,0.013040831312537193,-0.042158979922533035
6.74,-0.03718051314353943,-0.08244504779577255,0.17200832068920135,-3.0811455249786377,0.012951734475791454,-0.041981738060712814
6.76,-0.03740819916129112,-0.08244346082210541,0.17207756638526917,-3.081045150756836,0.01288608554750681,-0.04187934100627899
6.78,-0.037646062672138214,-0.0824408233165741,0.17215348780155182,-3.081052541732788,0.012816078029572964,-0.041767530143260956
6.8,-0.037872590124607086,-0.08243386447429657,0.17222338914871216,-3.081026792526245,0.012760625220835209,-0.04161780700087547
6.82,-0.03810393065214157,-0.08245045691728592,0.17229847609996796,-3.081022024154663,0.012696696445345879,-0.041476570069789886
6.84,-0.03828917071223259,-0.08242969959974289,0.17235849797725677,-3.0811097621917725,0.012621859088540077,-0.04130067303776741
6.86,-0.03852333128452301,-0.08244074881076813,0.17243370413780212,-3.081103801727295,0.01256057433784008,-0.041162386536598206
6.88,-0.03872501850128174,-0.08245117962360382,0.17249992489814758,-3.081096649169922,0.01249539665877819,-0.04105974733829498
6.9,-0.03895770013332367,-0.08244413882493973,0.17256948351860046,-3.0810673236846924,0.012459983117878437,-0.04097864404320717
6.92,-0.039191074669361115,-0.08244609087705612,0.1726401448249817,-3.0810184478759766,0.01238904520869255,-0.04083016887307167
6.94,-0.03942645713686943,-0.08245321363210678,0.17271409928798676,-3.0809929370880127,0.012318246997892857,-0.040683671832084656
6.96,-0.039554014801979065,-0.08252392709255219,0.17274384200572968,-3.080897808074951,0.012088185176253319,-0.040303874760866165
6.98,-0.039732545614242554,-0.08250021189451218,0.17280147969722748,-3.080822467803955,0.012094101868569851,-0.04028542339801788
7.0,-0.03991398960351944,-0.08249977231025696,0.1728605329990387,-3.080791473388672,0.012039502151310444,-0.04017510637640953
7.0200000000000005,-0.04008578881621361,-0.08250470459461212,0.17291533946990967,-3.080801010131836,0.011990639381110668,-0.04008123278617859
7.04,-0.040264617651700974,-0.0825105607509613,0.17297184467315674,-3.0807931423187256,0.011933514848351479,-0.03996675834059715
7.0600000000000005,-0.04045600816607475,-0.0825321301817894,0.17302726209163666,-3.0807700157165527,0.011868447996675968,-0.03981068357825279
7.08,-0.040643803775310516,-0.0825328379869461,0.17308726906776428,-3.080734968185425,0.011813675053417683,-0.039679042994976044
7.1000000000000005,-0.04084499552845955,-0.08254563808441162,0.17314758896827698,-3.0807435512542725,0.011740119196474552,-0.03955585137009621
7.12,-0.04103663191199303,-0.08253820985555649,0.17319722473621368,-3.080678701400757,0.01165104191750288,-0.039487555623054504
7.140000000000001,-0.04126019403338432,-0.08253336697816849,0.1732684224843979,-3.0806405544281006,0.01164707075804472,-0.03944660723209381
7.16,-0.0415036678314209,-0.08252733945846558,0.17333781719207764,-3.0805482864379883,0.011639680713415146,-0.03928571194410324
7.18,-0.04171822592616081,-0.08254532516002655,0.17339831590652466,-3.080552339553833,0.011558108031749725,-0.039055224508047104
7.2,-0.04196227341890335,-0.08256397396326065,0.17347662150859833,-3.080552339553833,0.01151586789637804,-0.03884979709982872
7.22,-0.04221344739198685,-0.08255769312381744,0.17355363070964813,-3.080472707748413,0.0114896260201931,-0.03872979059815407
7.24,-0.04244615510106087,-0.08253706991672516,0.1736188381910324,-3.080437421798706,0.011453253217041492,-0.03864319249987602
7.26,-0.04266965016722679,-0.08256004005670547,0.17367517948150635,-3.0802345275878906,0.011352935805916786,-0.03856617212295532
7.28,-0.042874615639448166,-0.0825754702091217,0.17373305559158325,-3.080122709274292,0.01128261350095272,-0.038488153368234634
7.3,-0.04308709874749184,-0.08257703483104706,0.17379778623580933,-3.0801048278808594,0.011230613104999065,-0.03840760514140129
7.32,-0.04329812154173851,-0.08258552849292755,0.1738457977771759,-3.0800862312316895,0.011122453026473522,-0.03830431401729584
7.34,-0.04351697862148285,-0.08257703483104706,0.17390328645706177,-3.0799503326416016,0.01109606958925724,-0.03828400373458862
7.36,-0.04373132809996605,-0.08255981653928757,0.17395444214344025,-3.079864025115967,0.011029570363461971,-0.03820506110787392
7.38,-0.04398961365222931,-0.08256497234106064,0.17402037978172302,-3.0798277854919434,0.010904606431722641,-0.03802095353603363
7.4,-0.04425129294395447,-0.08257319033145905,0.17409111559391022,-3.0798442363739014,0.010820485651493073,-0.03781380504369736
7.42,-0.044502317905426025,-0.08258255571126938,0.17415478825569153,-3.0797622203826904,0.01074302475899458,-0.03764413297176361
7.44,-0.04475853219628334,-0.08258477598428726,0.17422330379486084,-3.079683542251587,0.010655965656042099,-0.037491098046302795
7.46,-0.04500998184084892,-0.08258471637964249,0.17428740859031677,-3.079591751098633,0.010555141605436802,-0.037349019199609756
7.48,-0.04527151212096214,-0.08259420096874237,0.17435722053050995,-3.079630136489868,0.010458406992256641,-0.03715277463197708
7.5,-0.045528776943683624,-0.08260507881641388,0.17442724108695984,-3.0795609951019287,0.010372127406299114,-0.036951642483472824
7.5200000000000005,-0.045796893537044525,-0.08260618895292282,0.17449332773685455,-3.0795083045959473,0.010288335382938385,-0.03676366060972214
7.54,-0.046052202582359314,-0.08261185139417648,0.17455676198005676,-3.0795133113861084,0.010190454311668873,-0.036555688828229904
7.5600000000000005,-0.046324171125888824,-0.08262842893600464,0.1746305376291275,-3.0794763565063477,0.010133720934391022,-0.036359988152980804
7.58,-0.04659918323159218,-0.08264008164405823,0.17470112442970276,-3.0794191360473633,0.010080019012093544,-0.036180369555950165
7.6000000000000005,-0.04687231034040451,-0.08264851570129395,0.17476995289325714,-3.079376697540283,0.010008182376623154,-0.036010175943374634
7.62,-0.04714047908782959,-0.082643523812294,0.17483609914779663,-3.0793583393096924,0.009912065230309963,-0.03582363575696945
7.640000000000001,-0.04743625223636627,-0.08264835178852081,0.17490549385547638,-3.079317331314087,0.009813782759010792,-0.035609763115644455
7.66,-0.04772288352251053,-0.08265819400548935,0.17497460544109344,-3.079233169555664,0.009702645242214203,-0.03544037044048309
7.68,-0.048000723123550415,-0.08267372846603394,0.17504888772964478,-3.0792253017425537,0.009578666649758816,-0.03519970178604126
7.7,-0.04830724000930786,-0.08270051330327988,0.17512795329093933,-3.07920503616333,0.009499339386820793,-0.03501497209072113
7.72,-0.04863745719194412,-0.08272717893123627,0.1752038151025772,-3.0792064666748047,0.009370850399136543,-0.03469649329781532
7.74,-0.04894857481122017,-0.08274770528078079,0.175277978181839,-3.079149007797241,0.009243294596672058,-0.034468501806259155
7.76,-0.04922724515199661,-0.08274777978658676,0.17534469068050385,-3.0791826248168945,0.009130507707595825,-0.0342518649995327
7.78,-0.04951990395784378,-0.08277150243520737,0.17541590332984924,-3.0791635513305664,0.009038519114255905,-0.034042611718177795
7.8,-0.049790140241384506,-0.08278252184391022,0.1754767745733261,-3.079202890396118,0.008876963518559933,-0.03379237279295921
7.82,-0.050075504928827286,-0.08278629183769226,0.17554837465286255,-3.0792829990386963,0.008776644244790077,-0.03360270708799362
7.84,-0.050368521362543106,-0.0827973335981369,0.17562200129032135,-3.079298257827759,0.008676016703248024,-0.03340965881943703
7.86,-0.05067424848675728,-0.08282715827226639,0.17569664120674133,-3.0792429447174072,0.008570264093577862,-0.033185914158821106
7.88,-0.05096602067351341,-0.08285564184188843,0.17576660215854645,-3.0792183876037598,0.008452537469565868,-0.03296077623963356
7.9,-0.05124850571155548,-0.08287373930215836,0.1758234053850174,-3.07922101020813,0.008325050584971905,-0.0328155942261219
7.92,-0.051545243710279465,-0.08288797736167908,0.1758996993303299,-3.079219341278076,0.008256928063929081,-0.0325818695127964
7.94,-0.051845744252204895,-0.08290042728185654,0.17596924304962158,-3.079195261001587,0.008158615790307522,-0.03236605226993561
7.96,-0.052152667194604874,-0.08291938155889511,0.17603494226932526,-3.0791702270507812,0.008055919781327248,-0.03214199095964432
7.98,-0.052415572106838226,-0.08294190466403961,0.1760900318622589,-3.0790421962738037,0.007937194779515266,-0.031885549426078796
8.0,-0.052693936973810196,-0.08298482745885849,0.17615333199501038,-3.079042673110962,0.007873598486185074,-0.0316743329167366
8.02,-0.052196722477674484,-0.08613736927509308,0.17709726095199585,-3.075934648513794,0.007079069968312979,-0.03062363900244236
8.040000000000001,-0.05171363428235054,-0.0892891138792038,0.17411959171295166,-3.072800636291504,0.006248899269849062,-0.029565289616584778
8.06,-0.05150280520319939,-0.08988918364048004,0.1751703917980194,-3.0725841522216797,0.0068148900754749775,-0.029483914375305176
8.08,-0.05174785479903221,-0.08987606316804886,0.17549891769886017,-3.0724525451660156,0.007052274886518717,-0.029582738876342773
8.1,-0.051961954683065414,-0.08985542505979538,0.1757783442735672,-3.0723636150360107,0.007221191190183163,-0.029659489169716835
8.120000000000001,-0.052188046276569366,-0.08984693139791489,0.17600081861019135,-3.072319269180298,0.0073240334168076515,-0.02962588705122471
8.14,-0.0524127259850502,-0.08985209465026855,0.17617486417293549,-3.0723133087158203,0.00736253522336483,-0.0294940248131752
8.16,-0.0526362769305706,-0.08985818177461624,0.17631417512893677,-3.072307825088501,0.0073775360360741615,-0.029345035552978516
8.18,-0.05285079404711723,-0.08986645936965942,0.17642760276794434,-3.0723018646240234,0.007383148651570082,-0.02921190857887268
8.2,-0.05307822301983833,-0.08987084776163101,0.17652766406536102,-3.07228422164917,0.007356684189289808,-0.029078442603349686
8.22,-0.05330317094922066,-0.089871846139431,0.176611065864563,-3.0722463130950928,0.007322408724576235,-0.02894451841711998
8.24,-0.053515028208494186,-0.0898793414235115,0.17668107151985168,-3.0722262859344482,0.007284514605998993,-0.028803959488868713
8.26,-0.053708016872406006,-0.08988683670759201,0.17674468457698822,-3.0722296237945557,0.007246789056807756,-0.028679674491286278
8.28,-0.0539076067507267,-0.08988754451274872,0.1768074631690979,-3.07222056388855,0.007213422562927008,-0.02857823856174946
8.3,-0.054144807159900665,-0.08990174531936646,0.17686930298805237,-3.072159767150879,0.007129177451133728,-0.02842199057340622
8.32,-0.05440821498632431,-0.08991686999797821,0.1769317239522934,-3.072089195251465,0.007037903182208538,-0.028246333822607994
8.34,-0.05468922480940819,-0.08994141966104507,0.1769953817129135,-3.0720274448394775,0.006929630879312754,-0.028034614399075508
8.36,-0.05498497933149338,-0.08995552361011505,0.1770581156015396,-3.071979284286499,0.006830650381743908,-0.02783198282122612
8.38,-0.055269502103328705,-0.08998085558414459,0.17711448669433594,-3.071871757507324,0.006708161439746618,-0.027591988444328308
8.4,-0.05553465709090233,-0.08997924625873566,0.17716896533966064,-3.0719704627990723,0.006594723556190729,-0.027334334328770638
8.42,-0.05582011863589287,-0.09000715613365173,0.17722204327583313,-3.0719995498657227,0.006492468994110823,-0.027148552238941193
8.44,-0.056115034967660904,-0.09002099186182022,0.17727743089199066,-3.0719642639160156,0.006355252116918564,-0.02694123238325119
8.46,-0.05642745643854141,-0.09003692865371704,0.17733897268772125,-3.071901798248291,0.0062349289655685425,-0.026710329577326775
8.48,-0.056716177612543106,-0.09005974978208542,0.1773918867111206,-3.071892738342285,0.006138286553323269,-0.026470772922039032
8.5,-0.05698443949222565,-0.09007661789655685,0.177438884973526,-3.0718653202056885,0.006044752895832062,-0.02626068703830242
8.52,-0.057235028594732285,-0.09008725732564926,0.1774899959564209,-3.0718746185302734,0.0059620956890285015,-0.026070669293403625
8.540000000000001,-0.05748871713876724,-0.09010156989097595,0.17753984034061432,-3.0718624591827393,0.005889583844691515,-0.02590285800397396
8.56,-0.05768979340791702,-0.09014994651079178,0.1775750070810318,-3.0719006061553955,0.0057576862163841724,-0.025616688653826714
8.58,-0.057935550808906555,-0.09014308452606201,0.17762158811092377,-3.0717992782592773,0.005672486964613199,-0.025444891303777695
8.6,-0.05819118767976761,-0.09017355740070343,0.17766791582107544,-3.0718724727630615,0.005542719271034002,-0.02518753707408905
8.620000000000001,-0.05848408490419388,-0.09019148349761963,0.1777249127626419,-3.071838617324829,0.005466768052428961,-0.024985849857330322
8.64,-0.05875971540808678,-0.09022057801485062,0.1777775138616562,-3.071746349334717,0.0053343153558671474,-0.02473113127052784
8.66,-0.05906038358807564,-0.09020018577575684,0.1778264343738556,-3.0716347694396973,0.005233571864664555,-0.02451401576399803
8.68,-0.059373755007982254,-0.09022776037454605,0.17788204550743103,-3.0715389251708984,0.005091449711471796,-0.0242654737085104
8.700000000000001,-0.05968718230724335,-0.09024834632873535,0.17794100940227509,-3.071481466293335,0.004961673635989428,-0.023985283449292183
8.72,-0.06001294404268265,-0.0902823880314827,0.1779947429895401,-3.071394443511963,0.004779569339007139,-0.023704636842012405
8.74,-0.0603608563542366,-0.09030970185995102,0.17805331945419312,-3.0713698863983154,0.004713667090982199,-0.023483240976929665
8.76,-0.060687460005283356,-0.09032430499792099,0.17811425030231476,-3.0713119506835938,0.004648118279874325,-0.023258613422513008
8.78,-0.06098484620451927,-0.09035774320363998,0.17816536128520966,-3.071293354034424,0.004551867488771677,-0.023017793893814087
8.8,-0.0612495020031929,-0.09037163108587265,0.17820695042610168,-3.0713951587677,0.004408569540828466,-0.02272019162774086
8.82,-0.06149223819375038,-0.09038859605789185,0.1782514750957489,-3.071397542953491,0.004294834099709988,-0.02244950458407402
8.84,-0.061751171946525574,-0.09046322107315063,0.17829500138759613,-3.0713913440704346,0.003952849190682173,-0.021872468292713165
8.86,-0.06200447306036949,-0.09040907770395279,0.17833411693572998,-3.0713114738464355,0.004221153911203146,-0.022229909896850586
8.88,-0.06217063218355179,-0.09053833782672882,0.17835283279418945,-3.0712733268737793,0.0038307735230773687,-0.021648187190294266
8.9,-0.062446027994155884,-0.09054754674434662,0.1784052848815918,-3.071265459060669,0.003781029023230076,-0.021510649472475052
8.92,-0.06270032376050949,-0.09058145433664322,0.17844456434249878,-3.0711424350738525,0.003657626686617732,-0.02125268056988716
8.94,-0.06294828653335571,-0.09061842411756516,0.1784842163324356,-3.071042537689209,0.0035464479587972164,-0.021038828417658806
8.96,-0.06317144632339478,-0.09064269065856934,0.17851966619491577,-3.071094036102295,0.00343706039711833,-0.020795047283172607
8.98,-0.06338559091091156,-0.09065497666597366,0.17855438590049744,-3.0710370540618896,0.0033251484856009483,-0.02055877074599266
9.0,-0.06361409276723862,-0.09065789729356766,0.17859302461147308,-3.071035861968994,0.003248902503401041,-0.02037266083061695
9.02,-0.06387311220169067,-0.09068720787763596,0.17863240838050842,-3.0709524154663086,0.0030924412421882153,-0.02003953792154789
9.040000000000001,-0.06415781378746033,-0.09066597372293472,0.17867277562618256,-3.0707590579986572,0.003013055073097348,-0.019849661737680435
9.06,-0.06443163752555847,-0.09071026742458344,0.1787189245223999,-3.0707411766052246,0.0028131131548434496,-0.019491994753479958
9.08,-0.06473031640052795,-0.09071605652570724,0.17876650393009186,-3.0706655979156494,0.0027137473225593567,-0.01924893818795681
9.1,-0.06499593704938889,-0.09073565900325775,0.17880505323410034,-3.0704972743988037,0.0026578649412840605,-0.019095197319984436
9.120000000000001,-0.06526809930801392,-0.09080040454864502,0.17884518206119537,-3.0704152584075928,0.002366152824833989,-0.018598109483718872
9.14,-0.06554856896400452,-0.0908244177699089,0.1788879632949829,-3.070427656173706,0.0023596403189003468,-0.018519246950745583
9.16,-0.0658278539776802,-0.09087155759334564,0.1789308786392212,-3.0704739093780518,0.0021427245810627937,-0.01812933199107647
9.18,-0.06610751897096634,-0.0909043550491333,0.17896829545497894,-3.070497989654541,0.001970018958672881,-0.017809387296438217
9.200000000000001,-0.06640096753835678,-0.09091991186141968,0.1790105402469635,-3.07038950920105,0.001885560224764049,-0.017600063234567642
9.22,-0.06674449145793915,-0.09091401100158691,0.17906130850315094,-3.0704567432403564,0.0018850996857509017,-0.017488036304712296
9.24,-0.06707481294870377,-0.09093449264764786,0.17911234498023987,-3.0704264640808105,0.0018155648140236735,-0.017269304022192955
9.26,-0.06740634143352509,-0.09096653014421463,0.17915986478328705,-3.07039475440979,0.0016967295669019222,-0.016973990947008133
9.28,-0.06772822886705399,-0.09100447595119476,0.17920111119747162,-3.0704121589660645,0.001510133151896298,-0.016564704477787018
9.3,-0.06807032972574234,-0.09094373881816864,0.17925596237182617,-3.070460081100464,0.001832266105338931,-0.01686406321823597
9.32,-0.0683930441737175,-0.09099863469600677,0.17929494380950928,-3.0704472064971924,0.001585520920343697,-0.01644277572631836
9.34,-0.06871835142374039,-0.0910392478108406,0.17933717370033264,-3.0704092979431152,0.0014348477125167847,-0.016117652878165245
9.36,-0.06902316212654114,-0.0910676121711731,0.17937622964382172,-3.070375680923462,0.001298590563237667,-0.01580989733338356
9.38,-0.06930738687515259,-0.09109143912792206,0.17941316962242126,-3.0703604221343994,0.0011725234799087048,-0.015511035919189453
9.4,-0.06960486620664597,-0.09111206978559494,0.17945460975170135,-3.0703258514404297,0.0011018160730600357,-0.015282224863767624
9.42,-0.06991225481033325,-0.0911298468708992,0.1794987916946411,-3.0702669620513916,0.0010595412459224463,-0.015091722831130028
9.44,-0.07023681700229645,-0.09113429486751556,0.17954455316066742,-3.0702767372131348,0.0010169877205044031,-0.014905009418725967
9.46,-0.07058346271514893,-0.09116040915250778,0.17958971858024597,-3.070223331451416,0.0009227144764736295,-0.014637707732617855
9.48,-0.07094576209783554,-0.09117958694696426,0.17963632941246033,-3.0702152252197266,0.000866118585690856,-0.014416125603020191
9.5,-0.07130463421344757,-0.09120560437440872,0.1796821802854538,-3.0702478885650635,0.0008178632124327123,-0.014197980985045433
9.52,-0.07168114185333252,-0.09120825678110123,0.17972593009471893,-3.070167303085327,0.0007528580608777702,-0.013923591934144497
9.540000000000001,-0.07202885299921036,-0.0911889597773552,0.17976494133472443,-3.0701820850372314,0.0006725701387040317,-0.013681183569133282
9.56,-0.072351835668087,-0.09121286123991013,0.17980261147022247,-3.070117950439453,0.0005582791054621339,-0.013392270542681217
9.58,-0.07266034185886383,-0.09124215692281723,0.17983967065811157,-3.070218086242676,0.000575107813347131,-0.013272188603878021
9.6,-0.07291969656944275,-0.09125526994466782,0.1798619031906128,-3.0701088905334473,0.000412775989389047,-0.012926682829856873
9.620000000000001,-0.07315348833799362,-0.09127423167228699,0.1798882782459259,-3.0702457427978516,0.0002947101020254195,-0.012666046619415283
9.64,-0.07346559315919876,-0.09107647836208344,0.17993086576461792,-3.070202350616455,0.0010319899301975965,-0.0136027280241251
9.66,-0.073693186044693,-0.09115968644618988,0.17995043098926544,-3.070296049118042,0.0005425609997473657,-0.012834114022552967
9.68,-0.07385030388832092,-0.09127236157655716,0.17995788156986237,-3.070115566253662,7.630445179529488e-05,-0.012117437086999416
9.700000000000001,-0.07400992512702942,-0.09136124700307846,0.1799699068069458,-3.0700974464416504,-0.000295877835014835,-0.011545339599251747
9.72,-0.07425627112388611,-0.09124157577753067,0.17999881505966187,-3.069882392883301,0.00020723915076814592,-0.012260875664651394
9.74,-0.07451585680246353,-0.0912977010011673,0.18002842366695404,-3.069871187210083,-6.103748455643654e-05,-0.01177467592060566
9.76,-0.07476524263620377,-0.09134002029895782,0.18005239963531494,-3.0698745250701904,-0.00028453749837353826,-0.011342138051986694
9.78,-0.0750088319182396,-0.09141223132610321,0.1800752729177475,-3.0697832107543945,-0.0005356615874916315,-0.010876261629164219
9.8,-0.07527997344732285,-0.09146223962306976,0.18010157346725464,-3.069692850112915,-0.0007317173876799643,-0.010477871634066105
9.82,-0.07557949423789978,-0.09148485213518143,0.18013302981853485,-3.069598436355591,-0.0008350397110916674,-0.01019500382244587
9.84,-0.07594521343708038,-0.0913059413433075,0.1801747828722,-3.069586753845215,-0.00016780916485004127,-0.011044320650398731
9.86,-0.0762612596154213,-0.09135439246892929,0.18021132051944733,-3.069643974304199,-0.00039113577804528177,-0.010539401322603226
9.88,-0.07654973119497299,-0.0914304181933403,0.18023325502872467,-3.069565534591675,-0.0006143455975688994,-0.01012509036809206
9.9,-0.07679735124111176,-0.09149029850959778,0.18026107549667358,-3.0694873332977295,-0.0008449084707535803,-0.009754045866429806
9.92,-0.07709645479917526,-0.09151936322450638,0.1802944540977478,-3.069403648376465,-0.0009639954660087824,-0.009549765847623348
9.94,-0.07738333940505981,-0.09153818339109421,0.1803281456232071,-3.0693695545196533,-0.001067283214069903,-0.00932406261563301
9.96,-0.07771144062280655,-0.0915556326508522,0.180365651845932,-3.069281578063965,-0.001105970237404108,-0.009149233810603619
9.98,-0.07803840935230255,-0.09158442914485931,0.1803930699825287,-3.069183111190796,-0.0011649701045826077,-0.008959207683801651
10.0,-0.07839958369731903,-0.09158959984779358,0.18043281137943268,-3.0691821575164795,-0.001157089602202177,-0.00879385881125927
10.02,-0.07673370838165283,-0.08889427036046982,0.18147362768650055,-3.065077304840088,-0.004872863180935383,-0.005103525705635548
10.040000000000001,-0.07490832358598709,-0.08598946779966354,0.1797318011522293,-3.0618553161621094,-0.009211749769747257,-0.015339748002588749
10.06,-0.07424292713403702,-0.08513414859771729,0.1780059039592743,-3.05672287940979,-0.0010924539528787136,0.0032908583525568247
10.08,-0.07373218238353729,-0.0846395269036293,0.1787695437669754,-3.0555241107940674,-0.003061606315895915,0.00065809820080176
10.1,-0.07369635254144669,-0.08436913788318634,0.17919591069221497,-3.0552375316619873,-0.0033410044852644205,-0.00046417073463089764
10.120000000000001,-0.07379460334777832,-0.08420361578464508,0.17952130734920502,-3.0551791191101074,-0.0035145534202456474,-0.0013095226604491472
10.14,-0.07399874180555344,-0.0838322639465332,0.1797841191291809,-3.055121660232544,-0.0026817985344678164,-0.0033118887804448605
10.16,-0.07423309981822968,-0.08370067924261093,0.1799914836883545,-3.0551137924194336,-0.0026815927121788263,-0.0039039775729179382
10.18,-0.0745399221777916,-0.08357089012861252,0.18015846610069275,-3.0551068782806396,-0.002531785285100341,-0.004500008188188076
10.200000000000001,-0.07489137351512909,-0.0834607183933258,0.18028870224952698,-3.0550472736358643,-0.0024122765753418207,-0.004953943658620119
10.22,-0.07527060061693192,-0.08337859809398651,0.1803956776857376,-3.054997444152832,-0.0023213294334709644,-0.00523354159668088
10.24,-0.07567011564970016,-0.08332538604736328,0.18047815561294556,-3.0549395084381104,-0.0022671509068459272,-0.005345442797988653
10.26,-0.07609786838293076,-0.08327954262495041,0.18054945766925812,-3.0548946857452393,-0.002222445560619235,-0.005382825620472431
10.28,-0.07653754204511642,-0.0832643210887909,0.1806139051914215,-3.0548315048217773,-0.002169281244277954,-0.005360238719731569
10.3,-0.0769978016614914,-0.08323197811841965,0.1806730031967163,-3.054827928543091,-0.002124288585036993,-0.005286870989948511
10.32,-0.07747405767440796,-0.08321379870176315,0.1807255744934082,-3.0548086166381836,-0.0020917081274092197,-0.0051680803298950195
10.34,-0.07795560359954834,-0.08318417519330978,0.180773064494133,-3.054824113845825,-0.002055819844827056,-0.005034323316067457
10.36,-0.07843407988548279,-0.08318045735359192,0.18081271648406982,-3.054795980453491,-0.0020339391194283962,-0.004896213766187429
10.38,-0.0789012759923935,-0.08316493034362793,0.18086126446723938,-3.0547401905059814,-0.001962561160326004,-0.00473676947876811
10.4,-0.07938253879547119,-0.08314529061317444,0.18090641498565674,-3.054774522781372,-0.00184590311255306,-0.004645472392439842
10.42,-0.07983165234327316,-0.08315600454807281,0.1809413582086563,-3.054685354232788,-0.0018336958019062877,-0.004452132619917393
10.44,-0.08031708747148514,-0.08315566182136536,0.1809811294078827,-3.054687023162842,-0.0017912823241204023,-0.004245590418577194
10.46,-0.08080609142780304,-0.08314982056617737,0.18101784586906433,-3.0546963214874268,-0.0017586376052349806,-0.004032909404486418
10.48,-0.08130674064159393,-0.08314783126115799,0.18105250597000122,-3.0547003746032715,-0.0017191416118294,-0.0038250575307756662
10.5,-0.08181001245975494,-0.08314337581396103,0.18108539283275604,-3.054748773574829,-0.0016846361104398966,-0.0036098125856369734
10.52,-0.08232507854700089,-0.08316055685281754,0.18111376464366913,-3.054692268371582,-0.0016605508280918002,-0.0033891070634126663
10.540000000000001,-0.08283507823944092,-0.0831388384103775,0.18114955723285675,-3.054730176925659,-0.0016384772025048733,-0.003227519104257226
10.56,-0.08333739638328552,-0.08313334733247757,0.18117673695087433,-3.0546278953552246,-0.0016235721996054053,-0.0030645010992884636
10.58,-0.08384423702955246,-0.08311472088098526,0.18120403587818146,-3.054680109024048,-0.0016135656042024493,-0.0028549949638545513
10.6,-0.08435128629207611,-0.08311154693365097,0.1812291145324707,-3.0546367168426514,-0.0015955159906297922,-0.002653735224157572
10.620000000000001,-0.0848516896367073,-0.08310043811798096,0.1812584549188614,-3.054624557495117,-0.0015451711369678378,-0.002458653412759304
10.64,-0.08533045649528503,-0.08310312777757645,0.18127921223640442,-3.054675817489624,-0.0014951156917959452,-0.002273501129820943
10.66,-0.0858037993311882,-0.08309860527515411,0.1813041716814041,-3.0546679496765137,-0.0014549634652212262,-0.0020639991853386164
10.68,-0.08627988398075104,-0.08308489620685577,0.1813231110572815,-3.054666042327881,-0.0014295066939666867,-0.0018596031004562974
10.700000000000001,-0.08674988895654678,-0.08308850973844528,0.18133917450904846,-3.0546865463256836,-0.0013933744048699737,-0.0016601171810179949
10.72,-0.08723044395446777,-0.08310061693191528,0.18135510385036469,-3.054631233215332,-0.0013700015842914581,-0.0014444359112530947
10.74,-0.08771555870771408,-0.0831122100353241,0.1813686490058899,-3.0545902252197266,-0.0013441042974591255,-0.0012189238332211971
10.76,-0.08825729042291641,-0.08310272544622421,0.18138770759105682,-3.0546059608459473,-0.001293269102461636,-0.0009710004669614136
10.78,-0.08882210403680801,-0.08310062438249588,0.18140088021755219,-3.054633140563965,-0.0012566286604851484,-0.000719655305147171
10.8,-0.08939392119646072,-0.08311661332845688,0.18140801787376404,-3.0545597076416016,-0.0012502806494012475,-0.0004600191314239055
10.82,-0.0899573415517807,-0.08312064409255981,0.18141873180866241,-3.054525375366211,-0.0012151841074228287,-0.00019756235997192562
10.84,-0.09052908420562744,-0.08313258737325668,0.1814265102148056,-3.0544369220733643,-0.0011806292459368706,5.590221917373128e-05
10.86,-0.09110075235366821,-0.0831170603632927,0.18143710494041443,-3.054387092590332,-0.001121101202443242,0.00026188662741333246
10.88,-0.09167646616697311,-0.08311771601438522,0.18144400417804718,-3.0543763637542725,-0.0010889224940910935,0.0005123998271301389
10.9,-0.09225744754076004,-0.08310641348361969,0.181449756026268,-3.0543456077575684,-0.0010410720715299249,0.0007678888505324721
10.92,-0.09284890443086624,-0.0831088200211525,0.1814529150724411,-3.0543344020843506,-0.0009962291223928332,0.0010513990418985486
10.94,-0.09345617890357971,-0.08311118930578232,0.18144741654396057,-3.054334878921509,-0.000982859404757619,0.0013188488082960248
10.96,-0.09409265220165253,-0.08312147855758667,0.18143650889396667,-3.0542726516723633,-0.0009873161325231194,0.0016114702448248863
10.98,-0.09473731368780136,-0.08314276486635208,0.1814282089471817,-3.054145574569702,-0.0009672048036009073,0.0019028718816116452
11.0,-0.09538805484771729,-0.08314424753189087,0.18142084777355194,-3.0541141033172607,-0.0009313621558248997,0.002197889843955636
11.02,-0.09601278603076935,-0.08312617242336273,0.1814107894897461,-3.0541324615478516,-0.0008829040452837944,0.002473968081176281
11.040000000000001,-0.09667421877384186,-0.08312778174877167,0.18139657378196716,-3.0540785789489746,-0.0008313002763316035,0.0027903253212571144
11.06,-0.09735552966594696,-0.08313067257404327,0.18137837946414948,-3.0539724826812744,-0.0007813755073584616,0.0031249753665179014
11.08,-0.09806422889232635,-0.08313584327697754,0.18135590851306915,-3.053861379623413,-0.0007049508858472109,0.0034694706555455923
11.1,-0.09881116449832916,-0.0831490159034729,0.18133553862571716,-3.0537140369415283,-0.0006438197451643646,0.003776445286348462
11.120000000000001,-0.09957223385572433,-0.08315557986497879,0.18131276965141296,-3.0536234378814697,-0.0005940775736235082,0.004127389285713434
11.14,-0.10034841299057007,-0.08316744118928909,0.181282177567482,-3.0535616874694824,-0.0005263147177174687,0.004496641922742128
11.16,-0.10112360119819641,-0.0831744521856308,0.18124893307685852,-3.0534565448760986,-0.0004593193007167429,0.004862872883677483
11.18,-0.10192272067070007,-0.08318934589624405,0.18120665848255157,-3.0534565448760986,-0.0003919267328456044,0.005281062331050634
11.200000000000001,-0.10275470465421677,-0.08319049328565598,0.18117041885852814,-3.0533180236816406,-0.00032753782579675317,0.0056241522543132305
11.22,-0.10358497500419617,-0.08322415500879288,0.1811169683933258,-3.0532233715057373,-0.00027082403539679945,0.006088342517614365
11.24,-0.10444331914186478,-0.08321435749530792,0.1810651570558548,-3.053105592727661,-0.0002007142174988985,0.006510829087346792
11.26,-0.10530125349760056,-0.08321907371282578,0.18100397288799286,-3.052971363067627,-0.00013653883070219308,0.006981866899877787
11.28,-0.10618726164102554,-0.08321379125118256,0.18094436824321747,-3.0528905391693115,-6.092339754104614e-05,0.007398097310215235
11.3,-0.10710843652486801,-0.08320606499910355,0.18087778985500336,-3.052825450897217,7.890630513429642e-06,0.007822858169674873
11.32,-0.10804843157529831,-0.0832105427980423,0.1808043122291565,-3.052705764770508,7.34977365937084e-05,0.008279283531010151
11.34,-0.10900396853685379,-0.08322571218013763,0.18072383105754852,-3.0526092052459717,0.00014821442891843617,0.008750591427087784
11.36,-0.10997585207223892,-0.08322835713624954,0.18063832819461823,-3.052502393722534,0.0002270494296681136,0.009228752925992012
11.38,-0.11097027361392975,-0.08322211354970932,0.1805412322282791,-3.052407741546631,0.0003358818357810378,0.009705591946840286
11.4,-0.1119917705655098,-0.08324259519577026,0.18043972551822662,-3.052358388900757,0.0003766838344745338,0.010270137339830399
11.42,-0.11305473744869232,-0.08325471729040146,0.18032774329185486,-3.0522701740264893,0.0004270159115549177,0.010834111832082272
11.44,-0.11414681375026703,-0.08326750993728638,0.18021009862422943,-3.052196502685547,0.0004964651889167726,0.01138483639806509
11.46,-0.11526309698820114,-0.08324643969535828,0.1800803691148758,-3.0520126819610596,0.0005996429244987667,0.011914927512407303
11.48,-0.11640773713588715,-0.08325842767953873,0.17994792759418488,-3.0519216060638428,0.000697885756380856,0.012538556940853596
11.5,-0.11758255213499069,-0.08326660841703415,0.17980878055095673,-3.0518763065338135,0.0008153138333000243,0.013152011670172215
11.52,-0.1187816709280014,-0.08326505869626999,0.17964601516723633,-3.0517358779907227,0.0008777134935371578,0.01383314747363329
11.540000000000001,-0.12003962695598602,-0.08325840532779694,0.17946875095367432,-3.051502227783203,0.0009659454808570445,0.014515266753733158
11.56,-0.1212906539440155,-0.08327027410268784,0.17927783727645874,-3.051246166229248,0.0010477951727807522,0.015262162312865257
11.58,-0.12256495654582977,-0.08327776938676834,0.17907819151878357,-3.0511298179626465,0.0011286127846688032,0.016004307195544243
11.6,-0.12388318032026291,-0.08330120146274567,0.17886649072170258,-3.051043748855591,0.0012209083652123809,0.01673857495188713
11.620000000000001,-0.12523452937602997,-0.083309106528759,0.17863643169403076,-3.050912618637085,0.0013240596745163202,0.017507359385490417
11.64,-0.12662255764007568,-0.08331330865621567,0.17838256061077118,-3.050598621368408,0.0014358777552843094,0.018345722928643227
11.66,-0.12805300951004028,-0.08334901928901672,0.17811833322048187,-3.0505969524383545,0.001542559009976685,0.019184263423085213
11.68,-0.12955762445926666,-0.08331368863582611,0.17781652510166168,-3.050210952758789,0.0017035620985552669,0.020097270607948303
11.700000000000001,-0.1310880333185196,-0.08334502577781677,0.17750823497772217,-3.0500500202178955,0.0017513546627014875,0.02109624072909355
11.72,-0.1326514482498169,-0.08338886499404907,0.1771778017282486,-3.049940824508667,0.0018201987259089947,0.022091824561357498
11.74,-0.1342325508594513,-0.08342915028333664,0.1768265962600708,-3.0498294830322266,0.0018932733219116926,0.023112190887331963
11.76,-0.13585960865020752,-0.08344750106334686,0.1764475703239441,-3.049619674682617,0.0019814749248325825,0.024203680455684662
11.78,-0.137550488114357,-0.08347168564796448,0.17603912949562073,-3.0493531227111816,0.0020288804080337286,0.02540169656276703
11.8,-0.13925719261169434,-0.08349806070327759,0.17560866475105286,-3.049137830734253,0.0021131697576493025,0.02657199464738369
11.82,-0.1409815549850464,-0.0835174024105072,0.17515593767166138,-3.0489959716796875,0.0022439146414399147,0.02767726220190525
11.84,-0.14276428520679474,-0.083564892411232,0.17466586828231812,-3.048858404159546,0.002360973274335265,0.028878264129161835
11.86,-0.14456558227539062,-0.08360912650823593,0.1741618663072586,-3.0487029552459717,0.002426675520837307,0.030078042298555374
11.88,-0.1464279592037201,-0.08362291753292084,0.17361602187156677,-3.048548936843872,0.002591843716800213,0.03135747089982033
11.9,-0.14832697808742523,-0.08362791687250137,0.17303918302059174,-3.0484116077423096,0.0027962150052189827,0.032630857080221176
11.92,-0.15028724074363708,-0.08367840200662613,0.17241910099983215,-3.0481455326080322,0.0028874261770397425,0.03400489315390587
11.94,-0.1522524356842041,-0.08373364806175232,0.1717570722103119,-3.047961473464966,0.0030179573222994804,0.03550082817673683
11.96,-0.1542411893606186,-0.08377531170845032,0.17105448246002197,-3.047734498977661,0.0031932720448821783,0.036946725100278854
11.98,-0.15631549060344696,-0.08383278548717499,0.17031322419643402,-3.0475549697875977,0.0032807986717671156,0.038531720638275146
12.0,-0.15842117369174957,-0.08387980610132217,0.1695210337638855,-3.0472657680511475,0.0033532564993947744,0.040232930332422256
12.02,-0.15829473733901978,-0.08084649592638016,0.1695019006729126,-3.047093629837036,0.002632938791066408,0.04529092460870743
12.040000000000001,-0.15814049541950226,-0.0778142437338829,0.16556599736213684,-3.0468926429748535,0.0019466198282316327,0.05036613345146179
12.06,-0.1591506451368332,-0.076326385140419,0.16602040827274323,-3.0463972091674805,0.002759672002866864,0.048950470983982086
12.08,-0.16058743000030518,-0.07543745636940002,0.16571860015392303,-3.0458414554595947,0.003470076946541667,0.04839475825428963
12.1,-0.1622943878173828,-0.07507768273353577,0.16517584025859833,-3.0460829734802246,0.004161424469202757,0.04826175048947334
12.120000000000001,-0.1641167253255844,-0.07489397376775742,0.16452449560165405,-3.046426773071289,0.004712418187409639,0.04851863533258438
12.14,-0.1659722924232483,-0.07477235794067383,0.16380301117897034,-3.0467135906219482,0.005100386682897806,0.04923666641116142
12.16,-0.16785405576229095,-0.07469328492879868,0.16300223767757416,-3.0469326972961426,0.005447951145470142,0.05012575536966324
12.18,-0.16976125538349152,-0.07463129609823227,0.16213597357273102,-3.047041416168213,0.005759354680776596,0.0511772483587265
12.200000000000001,-0.17170988023281097,-0.07460025697946548,0.16121049225330353,-3.0470993518829346,0.00613226555287838,0.05236245319247246
12.22,-0.1736973077058792,-0.07459457218647003,0.1602269560098648,-3.047243356704712,0.006527571938931942,0.0536196269094944
12.24,-0.17573414742946625,-0.07456908375024796,0.15918958187103271,-3.0472512245178223,0.006940667051821947,0.055094972252845764
12.26,-0.17787183821201324,-0.07452788203954697,0.15808939933776855,-3.0474419593811035,0.007421236485242844,0.05654187873005867
12.280000000000001,-0.18009412288665771,-0.07437796890735626,0.15693141520023346,-3.047905921936035,0.00806046836078167,0.05779045447707176
12.3,-0.1823296695947647,-0.07447171956300735,0.15571272373199463,-3.0476841926574707,0.008909492753446102,0.059318263083696365
12.32,-0.18466420471668243,-0.07454784959554672,0.1543620377779007,-3.0473155975341797,0.009399758651852608,0.061489686369895935
12.34,-0.18705816566944122,-0.0744253545999527,0.15305095911026,-3.0477135181427,0.010665524750947952,0.06296958029270172
12.36,-0.1894126534461975,-0.07423852384090424,0.1515955626964569,-3.04813814163208,0.011302141472697258,0.06400179117918015
12.38,-0.1918840855360031,-0.07406648248434067,0.150135338306427,-3.0482516288757324,0.012919291853904724,0.06636866927146912
12.4,-0.19442686438560486,-0.07394673675298691,0.14856338500976562,-3.048755645751953,0.014376976527273655,0.06843052059412003
12.42,-0.19668139517307281,-0.07401163876056671,0.14682084321975708,-3.051532745361328,0.01416326779872179,0.06522462517023087
12.44,-0.19959063827991486,-0.07437160611152649,0.14481988549232483,-3.0530648231506348,0.01800948567688465,0.07084032893180847
12.46,-0.20233045518398285,-0.07401737570762634,0.14338651299476624,-3.0535073280334473,0.02031700871884823,0.07080357521772385
12.48,-0.20504140853881836,-0.0737471729516983,0.14165768027305603,-3.053731918334961,0.021989496424794197,0.07177326828241348
12.5,-0.20772700011730194,-0.07354509085416794,0.1397733837366104,-3.05348801612854,0.02320547215640545,0.07301899790763855
12.52,-0.21050597727298737,-0.07312967628240585,0.1379457414150238,-3.0545904636383057,0.0257802065461874,0.07322099059820175
12.540000000000001,-0.21262913942337036,-0.0726473331451416,0.13523776829242706,-3.056405544281006,0.020947139710187912,0.07306025922298431
12.56,-0.21551550924777985,-0.07235544919967651,0.13341963291168213,-3.0574135780334473,0.026047810912132263,0.07362420856952667
12.58,-0.21855837106704712,-0.07200877368450165,0.1314600259065628,-3.058816909790039,0.03019871562719345,0.07478480786085129
12.6,-0.22158469259738922,-0.07161249965429306,0.12935025990009308,-3.060187816619873,0.0344320684671402,0.07582114636898041
12.620000000000001,-0.2245960831642151,-0.07121381908655167,0.12708917260169983,-3.0616486072540283,0.03871602937579155,0.07673615217208862
12.64,-0.22761529684066772,-0.07082539796829224,0.12474280595779419,-3.0634093284606934,0.04282643273472786,0.07771441340446472
12.66,-0.23014777898788452,-0.07055820524692535,0.12160433083772659,-3.066622257232666,0.039228588342666626,0.07783060520887375
12.68,-0.23337583243846893,-0.07010742276906967,0.11923893541097641,-3.068087100982666,0.04604938253760338,0.07865308225154877
12.700000000000001,-0.23672528564929962,-0.0698561891913414,0.11365944892168045,-3.0680298805236816,0.06116632744669914,0.08037202060222626
12.72,-0.23989543318748474,-0.06931924819946289,0.11169268935918808,-3.0702061653137207,0.0654076635837555,0.08097930252552032
12.74,-0.24306747317314148,-0.06879577040672302,0.10917431861162186,-3.072434425354004,0.0707838237285614,0.08180173486471176
12.76,-0.24618354439735413,-0.06811455637216568,0.1063852533698082,-3.074845552444458,0.07557453215122223,0.08106404542922974
12.780000000000001,-0.24931028485298157,-0.06758865714073181,0.1033887267112732,-3.076934337615967,0.08242413401603699,0.08182843029499054
12.8,-0.25185471773147583,-0.06697997450828552,0.09970059245824814,-3.079763174057007,0.08319186419248581,0.08178725093603134
12.82,-0.25491026043891907,-0.06647469848394394,0.09634681046009064,-3.0814034938812256,0.09242650121450424,0.0822320282459259
12.84,-0.2579617202281952,-0.06592226773500443,0.09268201142549515,-3.0834014415740967,0.10158118605613708,0.0823511928319931
12.86,-0.2609398365020752,-0.0653366819024086,0.08886551111936569,-3.0856075286865234,0.1107400581240654,0.08228561282157898
12.88,-0.2633447051048279,-0.06465204060077667,0.08445888757705688,-3.088730573654175,0.11416760087013245,0.08122693002223969
12.9,-0.26607003808021545,-0.06411968916654587,0.08030127733945847,-3.0901567935943604,0.12604722380638123,0.0807829350233078
12.92,-0.2687475383281708,-0.06360866874456406,0.07587896287441254,-3.0920450687408447,0.13761350512504578,0.0798296183347702
12.94,-0.27123942971229553,-0.06313073635101318,0.07129767537117004,-3.0942561626434326,0.14948205649852753,0.07893393188714981
12.96,-0.2735261023044586,-0.06258270144462585,0.06656263023614883,-3.096529483795166,0.1614055335521698,0.07760039716959
12.98,-0.27519264817237854,-0.06181032583117485,0.061378419399261475,-3.100045919418335,0.16792722046375275,0.07546540349721909
13.0,-0.2764515280723572,-0.060749754309654236,0.060984283685684204,-3.105860710144043,0.17269377410411835,0.05429079383611679
13.02,0.0,0.0,0.4000000059604645,3.1415927410125732,0.0,0.0
13.040000000000001,-2.1749185179942288e-05,4.2651038256735774e-07,0.39609503746032715,-3.141576051712036,-7.320292934309691e-05,-3.6614575947169214e-05
13.06,-6.203287921380252e-05,-3.050877808163932e-07,0.3882836103439331,-3.141587495803833,-0.00021491461666300893,4.268535121809691e-06
13.08,-0.00011720795737346634,-1.4785968005526229e-06,0.37656038999557495,3.1415629386901855,-0.0004276414983905852,8.951343625085428e-05
13.1,-0.00018363294657319784,-3.4141214655392105e-06,0.36092400550842285,3.1415131092071533,-0.0006658876081928611,0.00022054002329241484
13.120000000000001,-0.00025942744105122983,-5.487646376423072e-06,0.3413713574409485,3.141458749771118,-0.000928304682020098,0.0003611705906223506
13.14,-0.00034277758095413446,-7.825196917110588e-06,0.3179009258747101,3.141402006149292,-0.0012084573972970247,0.0005136537947691977
13.16,-0.0004323816974647343,-1.0466352250659838e-05,0.2905115783214569,3.1413376331329346,-0.0015037086559459567,0.0006847267504781485
13.18,-0.000525954004842788,-1.3013416719331872e-05,0.259201318025589,3.1412668228149414,-0.0018176675075665116,0.0008581222500652075
13.200000000000001,-0.003382065799087286,-0.0006615956663154066,0.258946031332016,3.1412510871887207,-0.0015759753296151757,0.003449395066127181
13.22,-0.006283593829721212,-0.0011090995976701379,0.2570958435535431,3.14119815826416,-0.0013454770669341087,0.005079552065581083
13.24,-0.009191726334393024,-0.0017022995743900537,0.2553204894065857,3.1412386894226074,-0.001314196502789855,0.007522708736360073
13.26,-0.012128538452088833,-0.0022646146826446056,0.25361770391464233,3.141273260116577,-0.0014350252458825707,0.009752009995281696
13.280000000000001,-0.015184232965111732,-0.0027588349767029285,0.2519351541996002,3.141319990158081,-0.001426194910891354,0.011725843884050846
13.3,-0.01835031434893608,-0.0032413925509899855,0.2502427101135254,3.1413567066192627,-0.0012153169373050332,0.013705207034945488
13.32,-0.021631527692079544,-0.003756666323170066,0.24851050972938538,3.1414296627044678,-0.0008328820113092661,0.01589241251349449
13.34,-0.025021037086844444,-0.004268224351108074,0.24673056602478027,3.141486406326294,-0.0002531577192712575,0.018052995204925537
13.36,-0.028492165729403496,-0.004689025692641735,0.24495263397693634,3.1415231227874756,0.0003891706292051822,0.019858986139297485
13.38,-0.03203096240758896,-0.005191822070628405,0.2431742548942566,3.141571283340454,0.001115984981879592,0.022077644243836403
13.4,-0.0356377437710762,-0.005715473089367151,0.24132050573825836,-3.1415324211120605,0.0019681197591125965,0.024383461102843285
13.42,-0.03934038430452347,-0.006258739624172449,0.23936697840690613,-3.1414124965667725,0.002995813963934779,0.026840608566999435
13.44,-0.04311789944767952,-0.0068455352447927,0.2373300939798355,-3.1412851810455322,0.004114935640245676,0.029539696872234344
13.46,-0.04698677361011505,-0.007445719093084335,0.23519235849380493,-3.141174793243408,0.005403916817158461,0.0323469415307045
13.48,-0.0509524866938591,-0.008077592588961124,0.23292449116706848,-3.1410279273986816,0.0068664876744151115,0.03534321486949921
13.5,-0.05500217154622078,-0.008735202252864838,0.23056314885616302,-3.1408674716949463,0.008565441705286503,0.03852434083819389
13.52,-0.05914247781038284,-0.009393450804054737,0.22810809314250946,-3.1406657695770264,0.010580271482467651,0.041793342679739
13.540000000000001,-0.0633714497089386,-0.010070372372865677,0.22552868723869324,-3.140444278717041,0.012813433073461056,0.04524318501353264
13.56,-0.06769789010286331,-0.010727165266871452,0.22277773916721344,-3.1402406692504883,0.015270709991455078,0.04871276021003723
13.58,-0.07206887751817703,-0.011326484382152557,0.2199288010597229,-3.1399524211883545,0.01760086975991726,0.05202304571866989
13.6,-0.07655888795852661,-0.011928318068385124,0.21692964434623718,-3.139686107635498,0.02063356526196003,0.05545135587453842
13.620000000000001,-0.08110734075307846,-0.01255915965884924,0.21377332508563995,-3.1393518447875977,0.02391429804265499,0.05919893831014633
13.64,-0.08569587022066116,-0.013306125067174435,0.21052023768424988,-3.1389801502227783,0.027338434010744095,0.06365125626325607
13.66,-0.09035225212574005,-0.014120877720415592,0.20709963142871857,-3.1384856700897217,0.03127257898449898,0.0685708075761795
13.68,-0.09510364383459091,-0.014917784370481968,0.20346905291080475,-3.138005256652832,0.03576574847102165,0.07367196679115295
13.700000000000001,-0.09989087283611298,-0.015780283138155937,0.19959089159965515,-3.1373822689056396,0.040592778474092484,0.07935579121112823
13.72,-0.1047571673989296,-0.01666290871798992,0.19545131921768188,-3.1367015838623047,0.04608839005231857,0.08544427156448364
13.74,-0.1096063107252121,-0.017482202500104904,0.1911456137895584,-3.1359055042266846,0.05176488682627678,0.09148872643709183
13.76,-0.11447702348232269,-0.01827162317931652,0.18660126626491547,-3.135051965713501,0.05817340314388275,0.09783239662647247
13.780000000000001,-0.11937757581472397,-0.018998688086867332,0.1818210482597351,-3.134227752685547,0.06541682034730911,0.10430987924337387
13.8,-0.12071647495031357,-0.01674652099609375,0.17930634319782257,-3.1357011795043945,0.05301499366760254,0.09047682583332062
13.82,-0.12243125587701797,-0.016215063631534576,0.17948566377162933,-3.1372289657592773,0.04857972264289856,0.08945313841104507
13.84,-0.12368680536746979,-0.016086243093013763,0.1792694330215454,-3.138608932495117,0.04235641658306122,0.0900939330458641
13.86,-0.12448225915431976,-0.01632416620850563,0.17863206565380096,-3.1399011611938477,0.03440875932574272,0.09279221296310425
13.88,-0.12484689056873322,-0.01696184277534485,0.17766612768173218,-3.141172170639038,0.024838902056217194,0.09778206795454025
13.9,-0.1256312131881714,-0.016678696498274803,0.17683935165405273,3.1411960124969482,0.01917487569153309,0.09620930254459381
13.92,-0.12637700140476227,-0.016110343858599663,0.17580460011959076,3.1402814388275146,0.013630663976073265,0.09346403926610947
13.94,-0.1270560473203659,-0.015425817109644413,0.1746736615896225,3.139359951019287,0.008342195302248001,0.0901799201965332
13.96,-0.1280665397644043,-0.01356547512114048,0.17389348149299622,3.1388142108917236,0.008458227850496769,0.07880757749080658
13.98,-0.12906984984874725,-0.011425620876252651,0.17285478115081787,3.13802433013916,0.008869048207998276,0.0666155070066452
14.0,-0.1299942582845688,-0.009173382073640823,0.17164039611816406,3.1372218132019043,0.00931648351252079,0.05381374806165695
14.02,-0.13244859874248505,-0.008749968372285366,0.17154283821582794,3.135497570037842,0.008857045322656631,0.04168447479605675
14.040000000000001,-0.13489726185798645,-0.008329927921295166,0.16751594841480255,3.133809804916382,0.008427637629210949,0.02953341417014599
14.06,-0.13604234158992767,-0.006230029743164778,0.1666712909936905,3.1327614784240723,0.009239249862730503,0.01665210723876953
14.08,-0.13619445264339447,-0.005211107432842255,0.16692163050174713,3.1324522495269775,0.005295384209603071,0.01114608347415924
14.1,-0.13660043478012085,-0.005060465540736914,0.16724584996700287,3.1322357654571533,0.00517020421102643,0.010572068393230438
14.120000000000001,-0.1368524432182312,-0.005119675304740667,0.16742399334907532,3.132054328918457,0.00567795941606164,0.011083478108048439
14.14,-0.13696937263011932,-0.005359367933124304,0.16753467917442322,3.131864070892334,0.006794779561460018,0.012652524746954441
14.16,-0.13688337802886963,-0.005215057637542486,0.16754980385303497,3.1318085193634033,0.005961597431451082,0.011623340658843517
14.18,-0.13690614700317383,-0.005195851903408766,0.16761085391044617,3.131655216217041,0.005890495143830776,0.011603230610489845
14.200000000000001,-0.13688670098781586,-0.005199171137064695,0.16763317584991455,3.1314992904663086,0.005833963397890329,0.011676102876663208
14.22,-0.13683532178401947,-0.005216153804212809,0.16763201355934143,3.1313273906707764,0.00578338885679841,0.011820604093372822
14.24,-0.1367415487766266,-0.005233861971646547,0.16760577261447906,3.131147861480713,0.005721726454794407,0.011994974687695503
14.26,-0.1366061568260193,-0.0052559105679392815,0.1675584614276886,3.1309826374053955,0.005662083625793457,0.012189461849629879
14.280000000000001,-0.13642838597297668,-0.005271868780255318,0.1674858033657074,3.130824089050293,0.005608360283076763,0.012358665466308594
14.3,-0.13621659576892853,-0.005294278729707003,0.16740261018276215,3.130652904510498,0.005553285125643015,0.01257925946265459
14.32,-0.13599370419979095,-0.005325192119926214,0.16731159389019012,3.1304566860198975,0.005502786953002214,0.012832027859985828
14.34,-0.13574916124343872,-0.005347707774490118,0.16720759868621826,3.1302695274353027,0.0054550678469240665,0.013044992461800575
14.36,-0.13565152883529663,-0.005326470825821161,0.16718792915344238,3.1302664279937744,0.005740399472415447,0.012910731136798859
14.38,-0.1355619579553604,-0.005326236132532358,0.16715069115161896,3.1302549839019775,0.0058179376646876335,0.012925463728606701
14.4,-0.13557493686676025,-0.005424526520073414,0.16719095408916473,3.130150318145752,0.006220736540853977,0.01355076301842928
14.42,-0.13559980690479279,-0.005481640808284283,0.16720730066299438,3.1300363540649414,0.006352744530886412,0.01387044508010149
14.44,-0.13563689589500427,-0.0055127521045506,0.16721586883068085,3.1299266815185547,0.006418543867766857,0.014052714221179485
14.46,-0.1356627494096756,-0.0055357529781758785,0.1672196388244629,3.1298296451568604,0.006446673534810543,0.014186056330800056
14.48,-0.13566987216472626,-0.005551222246140242,0.16721051931381226,3.1297430992126465,0.006472634617239237,0.014273680746555328
14.5,-0.1356777399778366,-0.005573113914579153,0.16721129417419434,3.1296494007110596,0.00649239169433713,0.014400595799088478
14.52,-0.13568493723869324,-0.005601418670266867,0.1672118604183197,3.1295576095581055,0.006470358464866877,0.01456741988658905
14.540000000000001,-0.13569585978984833,-0.00562460720539093,0.1672128140926361,3.1294593811035156,0.00647251820191741,0.014713309705257416
14.56,-0.13569238781929016,-0.005649218335747719,0.16720665991306305,3.129361629486084,0.006470293737947941,0.014853032305836678
14.58,-0.1357017457485199,-0.005676780827343464,0.16721118986606598,3.1292612552642822,0.006492103450000286,0.015015174634754658
14.6,-0.13571728765964508,-0.005703961476683617,0.16721823811531067,3.129166603088379,0.006511860527098179,0.015187915414571762
14.620000000000001,-0.13575424253940582,-0.005733340512961149,0.16723400354385376,3.1290640830993652,0.0065407417714595795,0.015350370667874813
14.64,-0.135875403881073,-0.005688970908522606,0.16731062531471252,3.129053831100464,0.00634795380756259,0.015047440305352211
14.66,-0.13602618873119354,-0.005668753292411566,0.16736546158790588,3.1290457248687744,0.006285761948674917,0.014928027056157589
14.68,-0.13616757094860077,-0.005673119332641363,0.16741760075092316,3.129011631011963,0.006228550337255001,0.014940347522497177
14.700000000000001,-0.13631534576416016,-0.005686916410923004,0.16747808456420898,3.128965139389038,0.006185546517372131,0.015009568072855473
14.72,-0.13646695017814636,-0.005701478570699692,0.1675412952899933,3.128906011581421,0.0061521977186203,0.015069715678691864
14.74,-0.1366068422794342,-0.005703172646462917,0.16759717464447021,3.128862142562866,0.0060948571190238,0.015058387070894241
14.76,-0.13675153255462646,-0.0056985351257026196,0.1676526665687561,3.1288421154022217,0.0060938275419175625,0.015020986087620258
0.02,-1.839917058532592e-05,-1.1576871683516288e-09,0.3960927128791809,3.1415927410125732,-7.864973304094747e-05,5.552105619699432e-08
